location_id,street_address,city,state,postal_code,restaurant
HD-1,650 Ozark Rd,Abbeville,AL,36310,HD
HD-2,9940 Hwy 119,Alabaster,AL,35007,HD
HD-3,11024 Us Highway 431,Albertville,AL,35950,HD
HD-4,1249 Cherokee Rd,Alexander City,AL,35010,HD
HD-5,1202 E Bypass,Andalusia,AL,36420,HD
HD-6,1110 S Jefferson St,Athens,AL,35611,HD
HD-7,25 Lakeview Cir,Atmore,AL,36502,HD
HD-8,970 Gilbert Ferry Rd Se,Attalla,AL,35954,HD
HD-9,800 Wire Rd,Auburn,AL,36832,HD
HD-10,701 Dolive St,Bay Minette,AL,36507,HD
HD-11,9400 Parkway East,Birmingham,AL,35215,HD
HD-12,1771 Us Highway 431,Boaz,AL,35957,HD
HD-13,50770 Old Hwy 72,Bridgeport,AL,35740,HD
HD-14,499 W Troy St,Brundidge,AL,36010,HD
HD-15,109 E Pushmataha St,Butler,AL,36904,HD
HD-16,8441 Hwy 31 S,Calera,AL,35040,HD
HD-17,35 Highway 41 N,Camden,AL,36726,HD
HD-18,19765 N 3Rd St,Citronelle,AL,36522,HD
HD-19,723 2Nd Ave Nw,Cullman,AL,35055,HD
HD-20,1535 County Rd 437,Cullman,AL,35055,HD
HD-21,1708 Beltline Rd,Decatur,AL,35601,HD
HD-22,3241 Point Mallard Pkwy Se,Decatur,AL,35603,HD
HD-23,810 6Th Ave Northeast,Decatur,AL,35601,HD
HD-24,1086 Ross Clark Cir,Dothan,AL,36303,HD
HD-25,2727 S Oates St,Dothan,AL,36301,HD
HD-26,4624 W. Main Street,Dothan,AL,36305,HD
HD-27,911 Fort Rucker Blvd,Enterprise,AL,36330,HD
HD-28,3194 S Eufaula Ave,Eufaula,AL,36027,HD
HD-29,7561 Mesopotamia St,Eutaw,AL,35462,HD
HD-30,845 Liberty Hill Dr,Evergreen,AL,36401,HD
HD-31,21514 Highway 31,Flomaton,AL,36441,HD
HD-32,1113 E 5Th Ave,Florala,AL,36442,HD
HD-33,2935 S Mckenzie St,Foley,AL,36535,HD
HD-34,1616 Decatur Hwy,Fultondale,AL,35068,HD
HD-35,1301 Maple Ave,Geneva,AL,36340,HD
HD-36,9400 Grand Bay Wilmer Rd,Grand Bay,AL,36541,HD
HD-37,3541 CATHEDRAL CAVERNS HWY,GRANT,AL,35747,HD
HD-38,912 Fortdale Rd,Greenville,AL,36037,HD
HD-39,837 Gulf Shores Pkwy,Gulf Shores,AL,36542,HD
HD-40,5975 HIGHWAY 72 E,GURLEY,AL,35748,HD
HD-41,261 Bexar Ave E,Hamilton,AL,35570,HD
HD-42,110 S State Highway 167,Hartford,AL,36344,HD
HD-43,680 Highway 31 Sw,Hartselle,AL,35640,HD
HD-44,16832 Us Hwy 431 South,Headland,AL,36345,HD
HD-45,228 OXMOOR BLVD,HOMEWOOD,AL,35209,HD
HD-46,2162 Valleydale Rd,Hoover,AL,35244,HD
HD-47,79 Folmar Pkwy,Hope Hull,AL,36043,HD
HD-48,917 ALLISON-BONNETT MEMORIAL DR,HUEYTOWN,AL,35023,HD
HD-49,2015 Drake Ave,Huntsville,AL,35801,HD
HD-50,300 Andrew Jackson Way,Huntsville,AL,35801,HD
HD-51,104 Green Cove Rd Se,Huntsville,AL,35803,HD
HD-52,3751 Al Highway 53,Huntsville,AL,35806,HD
HD-53,2800 College Ave,Jackson,AL,36545,HD
HD-54,303 Highway 78 W,Jasper,AL,35501,HD
HD-55,13151 N Hickory St,Loxley,AL,36551,HD
HD-56,742 S Forest Ave,Luverne,AL,36049,HD
HD-57,8827 Madison Blvd,Madison,AL,35758,HD
HD-58,5870 Wall Triana Hwy,Madison,AL,35758,HD
HD-59,11909 Highway 231 431 N,Meridianville,AL,35759,HD
HD-60,611 Bessemer Super Hwy,Midfield,AL,35228,HD
HD-61,3691 Highway 14,Millbrook,AL,36054,HD
HD-62,3715 Moffat Rd,Mobile,AL,36618,HD
HD-63,565 Government St,Mobile,AL,36602,HD
HD-64,930 Schillinger Rd S,Mobile,AL,36695,HD
HD-65,3225 St Stephens Rd,Mobile,AL,36612,HD
HD-66,1608 S Alabama Rd,Monroeville,AL,36460,HD
HD-67,5401 Atlanta Hwy,Montgomery,AL,36109,HD
HD-68,1183 W South Blvd,Montgomery,AL,36105,HD
HD-69,906 Ann St,Montgomery,AL,36107,HD
HD-70,2715 Taylor Rd,Montgomery,AL,36117,HD
HD-71,11838 Al  Hwy 157,Moulton,AL,35650,HD
HD-72,10139 Highway 431 S,New Hope,AL,35760,HD
HD-73,2530 Pepperell Pkwy,Opelika,AL,36801,HD
HD-74,1902 Marvyn Pkwy,Opelika,AL,36804,HD
HD-75,803 Florala Hwy,Opp,AL,36467,HD
HD-76,2515 Mountain Cove Dr,Owens Cross Roads,AL,35763,HD
HD-77,1333 Andrews Ave,Ozark,AL,36360,HD
HD-78,1300 280 Byp,Phenix City,AL,36867,HD
HD-79,706 East Main Street,Prattvile,AL,36067,HD
HD-80,2525 Cobbs Ford Rd,Prattville,AL,36066,HD
HD-81,104 Mccurdy Ave S,Rainsville,AL,35986,HD
HD-82,16191 Highway 72,Rogersville,AL,35652,HD
HD-83,1016 Highway 43,Saraland,AL,36571,HD
HD-84,23470 JOHN T REID PKWY,SCOTTSBORO,AL,35768,HD
HD-85,1201 Highland Ave,Selma,AL,36703,HD
HD-86,2176 Highway 78,Sumiton,AL,35148,HD
HD-87,42471 Us Hwy 280,Sylacauga,AL,35150,HD
HD-88,1300 Gilmer Ave,Tallassee,AL,36078,HD
HD-89,5796 Twin Oaks Court,Theodore,AL,36582,HD
HD-90,32450 Highway 43,Thomasville,AL,36784,HD
HD-91,1102 Highway 231 S,Troy,AL,36081,HD
HD-92,611 15TH ST E,Tuscaloosa,AL,35401,HD
HD-93,2515 Paul Bryant Dr,Tuscaloosa,AL,35401,HD
HD-94,929 Skyland Blvd E,Tuscaloosa,AL,35405,HD
HD-95,6718 HWY 69 S,TUSCALOOSA,AL,35405,HD
HD-96,419 Hwy 43 S,Tuscumbia,AL,35674,HD
HD-97,280 Warrior Jasper Rd,Warrior,AL,35180,HD
HD-98,5091 Us Highway 231,Wetumpka,AL,36092,HD
HD-99,850 S ST LOUIS STREET,BATESVILLE,AR,72501,HD
HD-100,21 US HWY 64,BEEBE,AR,72012,HD
HD-101,1221 W South Street,Benton,AR,72015,HD
HD-102,3783 E Highway 18,Blytheville,AR,72315,HD
HD-103,2201 NORTH 2ND STREET,CABOT,AR,72023,HD
HD-104,2500 CLARK RD,CLARKSVILLE,AR,72830,HD
HD-105,1055 Dave Ward Dr,Conway,AR,72034,HD
HD-106,2720 Rogers Ave,Fort Smith,AR,72901,HD
HD-107,1820 Phoenix Av,Fort Smith,AR,72901,HD
HD-108,1331 RED WOLF BLVD,JONESBORO,AR,72401,HD
HD-109,11700 INTERSTATE 30,LITTLE ROCK,AR,72210,HD
HD-110,500 E North St,Mountain Home,AR,72653,HD
HD-111,604 Ne Main,Mountain View,AR,72560,HD
HD-112,1700 MALCOLM,NEWPORT,AR,72112,HD
HD-113,4901 JOHN F KENNEDY BLVD,NORTH LITTLE ROCK,AR,72116,HD
HD-114,301 LINWOOD,PARAGOULD,AR,72450,HD
HD-115,950 EAST MAIN,PIGGOTT,AR,72454,HD
HD-116,116 Ron Harrod Rd,Prescott,AR,71857,HD
HD-117,3095 E Main St,Russellville,AR,72802,HD
HD-118,2997 E RACE AVE,SEARCY,AR,72143,HD
HD-119,2505 QUEENSWAY ST,SEARCY,AR,72143,HD
HD-120,201 N ROCK ST,SHERIDAN,AR,72150,HD
HD-121,1801 Pulaski Hwy,Bear,DE,19701,HD
HD-122,519 S Bay Rd,Dover,DE,19901,HD
HD-123,50 Greentree Dr,Dover,DE,19904,HD
HD-124,20598 Dupont Blvd,Georgetown,DE,19947,HD
HD-125,7237 Milford Harrington Hwy,Harrington,DE,19952,HD
HD-126,30759 Sussex Hwy,Laurel,DE,19956,HD
HD-127,340 Dove Run Dr,Middletown,DE,19709,HD
HD-128,698 N Dupont Blvd,Milford,DE,19963,HD
HD-129,28552 Dupont Blvd,Millsboro,DE,19966,HD
HD-130,328 W Stein Hwy,Seaford,DE,19973,HD
HD-131,100 Jimmy Dr,Smyrna,DE,19977,HD
HD-132,451 Altamonte Dr.,Altamonte Springs,FL,32701,HD
HD-133,126 Magnolia Ave,Auburndale,FL,33823,HD
HD-134,300 E Van Fleet Drive,Bartow,FL,33830,HD
HD-135,5741 Se Abshier Blvd,Belleview,FL,34420,HD
HD-136,2111 S Waukesha St,Bonifay,FL,32425,HD
HD-137,404 Hwy 27,Branford,FL,32008,HD
HD-138,399 N. Hathaway Ave.,Bronson,FL,32621,HD
HD-139,1685 W Jefferson St,Brooksville,FL,34601,HD
HD-140,542309 Us Hwy 1,Callahan,FL,32011,HD
HD-141,651 West Washington St,Chattahoochee,FL,32324,HD
HD-142,1024 N Young Blvd,Chiefland,FL,32626,HD
HD-143,1212 Main St,Chipley,FL,32428,HD
HD-144,2994 Crawfordville Hwy,Crawfordville,FL,32327,HD
HD-145,15909 Se 19 Hwy,Cross City,FL,32628,HD
HD-146,16 Ne Highway 19,Crystal River,FL,34429,HD
HD-147,39837 Us Hwy 27,Davenport,FL,33837,HD
HD-148,1098 W International Speedway Blvd,Deland,FL,32720,HD
HD-149,400 Welcome Center Drive,Deltona,FL,32725,HD
HD-150,28199 Hwy 27,Dundee,FL,33838,HD
HD-151,11582 Williams St,Dunnellon,FL,34432,HD
HD-152,241 US Hwy 17 S,East Palatka,FL,32131,HD
HD-153,13700 Us Hwy 441,Ellisville,FL,32025,HD
HD-154,4900 Palm Beach Blvd,Fort Myers,FL,33905,HD
HD-155,200 S Kings Hwy,Fort Pierce,FL,34945,HD
HD-156,822 Beal Pkwy Nw,Fort Walton Beach,FL,32547,HD
HD-157,5425 Cotton St,Graceville,FL,32440,HD
HD-158,1323 N Orange Ave,Green Cove Springs,FL,32043,HD
HD-159,266 W Broad St,Groveland,FL,34736,HD
HD-160,19143 Nw Us Hwy 441,High Springs,FL,32643,HD
HD-161,3960 S Suncoast Blvd,Homosassa,FL,34448,HD
HD-162,873 Lane Ave S,Jacksonville,FL,32205,HD
HD-163,9210 Baymeadows Rd,Jacksonville,FL,32256,HD
HD-164,498 Busch Dr,Jacksonville,FL,32218,HD
HD-165,6852 Wilson Ave,Jacksonville,FL,32210,HD
HD-166,6914 Norwood Avenue,Jacksonville,FL,32208,HD
HD-167,8040 Normandy Blvd,Jacksonville,FL,32221,HD
HD-168,9111 Merrill Road,Jacksonville,FL,32225,HD
HD-169,12771 Atlantic Blvd,Jacksonville,FL,32225,HD
HD-170,6680 Commonwealth Ave,Jacksonville,FL,32254,HD
HD-171,11191 San Jose Blvd,Jacksonville,FL,32223,HD
HD-172,675 Nautica Dr,Jacksonville,FL,32218,HD
HD-173,1616 US Highway 41 NW,Jasper,FL,32052,HD
HD-174,7401 State Rd 21,Keystone Heights,FL,32656,HD
HD-175,504 W. Vine St.,Kissimmee,FL,34741,HD
HD-176,342 Shinn Blvd,Lake Alfred,FL,33850,HD
HD-177,1205 E Main Street,Lake Butler,FL,32054,HD
HD-178,279 W Duval St,Lake City,FL,32055,HD
HD-179,2609 W Us Highway 90,Lake City,FL,32055,HD
HD-180,2399 SE Baya Dr,Lake City,FL,32025,HD
HD-181,2050 W Memorial Blvd,Lakeland,FL,33815,HD
HD-182,43 E C 470,Lake Panasoffkee,FL,33538,HD
HD-183,24 Pafford RD,Lamont,FL,32336,HD
HD-184,802 S 14Th St,Leesburg,FL,34748,HD
HD-185,608 Ohio Ave S,Live Oak,FL,32064,HD
HD-186,1490 S 6th St,Macclenny,FL,32063,HD
HD-187,4652 E Highway 90,Marianna,FL,32446,HD
HD-188,3992 S Babcock St,Melbourne,FL,32901,HD
HD-189,2730 Blanding Blvd,Middleburg,FL,32068,HD
HD-190,6527 Hwy 90,Milton,FL,32570,HD
HD-191,4440 Hwy. 46,Mims,FL,32754,HD
HD-192,810 N Us Hwy 27,Minneola,FL,34715,HD
HD-193,515 E Canal St,Mulberry,FL,33860,HD
HD-194,24915 W Newberry Rd,Newberry,FL,32669,HD
HD-195,6155 SR 200,Ocala,FL,34476,HD
HD-196,908 Nw Pine Ave,Ocala,FL,34475,HD
HD-197,25807 SE US HWY. 19,Old Town,FL,32680,HD
HD-198,5212 Silver Star Rd,Orlando,FL,32808,HD
HD-199,4200 Hwy 90,Pace,FL,32571,HD
HD-200,3439 Highway 77,Panama City,FL,32405,HD
HD-201,11769 Panama City Beach Pkwy,Panama City Beach,FL,32407,HD
HD-202,8001 Pensacola Blvd,Pensacola,FL,32534,HD
HD-203,2500 Wilde Lake Blvd,Pensacola,FL,32526,HD
HD-204,805 N Navy Blvd,Pensacola,FL,32507,HD
HD-205,12275 Lillian Hwy,Pensacola,FL,32506,HD
HD-206,7137 N 9Th Ave,Pensacola,FL,32504,HD
HD-207,2046 S Byron Butler Pkwy,Perry,FL,32348,HD
HD-208,1713 James Redman Pkwy,Plant City,FL,33563,HD
HD-209,8407 Us Highway 19,Port Richey,FL,34668,HD
HD-210,100 W Jefferson St,Quincy,FL,32351,HD
HD-211,402 S Tamiami Trail,Ruskin,FL,33570,HD
HD-212,3795 34th St N,Saint Petersburg,FL,33713,HD
HD-213,5690 W State Road 46,Sanford,FL,32771,HD
HD-214,3000 Us Highway 98 W,Santa Rosa,FL,32459,HD
HD-215,11705 E Us Highway 92,Seffner,FL,33584,HD
HD-216,435 S Temple Ave,Starke,FL,32091,HD
HD-217,5818 N Monroe St,Tallahassee,FL,32303,HD
HD-218,1829 Capital Circle Ne,Tallahassee,FL,32308,HD
HD-219,301 E Burleigh Blvd,Tavares,FL,32778,HD
HD-220,6292 Commercial Way,Weeki Wachee,FL,34613,HD
HD-221,404 S Main St,Wildwood,FL,34785,HD
HD-222,549 State Highway 44,Wildwood,FL,34785,HD
HD-223,306 W Noble Ave,Williston,FL,32696,HD
HD-224,15821 Hwy 231 N,Youngstown,FL,32466,HD
HD-225,36502 State Rd 54,Zephyrhills,FL,33541,HD
HD-226,1097 Highway 92,Acworth,GA,30102,HD
HD-227,101 Princeton Blvd,Adairsville,GA,30103,HD
HD-228,807 W 4Th St,Adel,GA,31620,HD
HD-229,2324 E Oglethorpe Blvd,Albany,GA,31705,HD
HD-230,436 N Slappey Blvd,Albany,GA,31701,HD
HD-231,922 S PIERCE ST,Alma,GA,31510,HD
HD-232,220 Tripp St,Americus,GA,31709,HD
HD-233,2516 Bouldercrest Rd Se,Atlanta,GA,30316,HD
HD-234,3309 Peach Orchard Rd,Augusta,GA,30906,HD
HD-235,1000 E Shotwell St,Bainbridge,GA,39819,HD
HD-236,653 South Main St,Baxley,GA,31513,HD
HD-237,99 Sandy Run Rd.,Bonaire,GA,31005,HD
HD-238,515 Alabama Ave S,Bremen,GA,30110,HD
HD-239,4428 New Jesup Hwy,Brunswick,GA,31520,HD
HD-240,1520 Buford Hwy,Buford,GA,30518,HD
HD-241,242 Hwy 49,Byron,GA,31008,HD
HD-242,98 U S Highway 84,Cairo,GA,39828,HD
HD-243,2284 Us 41 Hwy Nw,Calhoun,GA,30701,HD
HD-244,161 Marietta Hwy,Canton,GA,30114,HD
HD-245,1375 S Park St,Carrollton,GA,30117,HD
HD-246,1099 North Third St,Chatsworth,GA,30705,HD
HD-247,12876 N. Highway 27,Chickamauga,GA,30707,HD
HD-248,226 W Crawford St,Colquitt,GA,39837,HD
HD-249,3848 St Marys Rd,Columbus,GA,31906,HD
HD-250,2501 Airport Thruway,Columbus,GA,31904,HD
HD-251,44 Homer Rd,Commerce,GA,30529,HD
HD-252,2930 Highway 138 Sw,Conyers,GA,30094,HD
HD-253,1702 E 16th Ave,Cordele,GA,31015,HD
HD-254,3112 Hwy 278 W,Covington,GA,30014,HD
HD-255,125 W Maple St,Cumming,GA,30040,HD
HD-256,1301 Glenwood Ave,Dalton,GA,30721,HD
HD-257,580 E Walnut Ave,Dalton,GA,30721,HD
HD-258,350 General Daniel Ave N,Danielsville,GA,30633,HD
HD-259,899 Forrester Dr Se,Dawson,GA,39842,HD
HD-260,310 E 3Rd St,Donalsonville,GA,39845,HD
HD-261,1392 Bowens Mill Rd Sw,Douglas,GA,31533,HD
HD-262,1208 Industrial Blvd,East Ellijay,GA,30540,HD
HD-263,3062 Anvil Block Rd,Ellenwood,GA,30294,HD
HD-264,4360 WASHINGTON RD,Evans,GA,30809,HD
HD-265,975 N Glynn St,Fayetteville,GA,30214,HD
HD-266,260 N Lee St,Forsyth,GA,31029,HD
HD-267,2154 Franklin Parkway,Franklin,GA,30217,HD
HD-268,1086 Battlefield Parkway,Ft Oglethorpe,GA,30742,HD
HD-269,Sonny Perdue Dr. And Dean Forrest Rd,Garden City,GA,31408,HD
HD-270,1619 N Expressway,Griffin,GA,30223,HD
HD-271,4305 WRIGHTSBORO ROAD,GROVETOWN,GA,30813,HD
HD-272,310 Milledgeville Road,Harlem,GA,30814,HD
HD-273,341 Broad St,Hawkinsville,GA,31036,HD
HD-274,21 E Coffee St,Hazlehurst,GA,31539,HD
HD-275,3696 WINDSOR SPRING RD,HEPHZIBAH,GA,30815,HD
HD-276,1090 North 1st St,Jesup,GA,31545,HD
HD-277,813 N Main St,La Fayette,GA,30728,HD
HD-278,603 S Valdosta Rd,Lakeland,GA,31635,HD
HD-279,7212 LAKES BLVD,LAKE PARK,GA,31636,HD
HD-280,14010 Jones St,Lavonia,GA,30553,HD
HD-281,258 Us 19 S,Leesburg,GA,31763,HD
HD-282,112 ELM STREET,LINCOLNTON,GA,30817,HD
HD-283,940 Thornton Rd,Lithia Springs,GA,30122,HD
HD-284,4850 Floyd Rd Sw,Mableton,GA,30126,HD
HD-285,1500 Monticello Rd,Madison,GA,30650,HD
HD-286,182 Keys Ferry St,Mcdonough,GA,30253,HD
HD-287,1575 Highway 20 W,Mcdonough,GA,30253,HD
HD-288,7000 Ruffie Way,Midland,GA,31820,HD
HD-289,315 S Broad St,Monroe,GA,30655,HD
HD-290,1729 1st Ave Se,Moultrie,GA,31768,HD
HD-291,620 South Davis,Nashville,GA,31639,HD
HD-292,231 Temple Ave,Newnan,GA,30263,HD
HD-293,4201 Sharpsburg Mccullum Rd,Newnan,GA,30265,HD
HD-294,4538 Oakwood Rd,Oakwood,GA,30566,HD
HD-295,135 Curry St Ne,Pelham,GA,31779,HD
HD-296,100 Governor Treutlen Rd,Pooler,GA,31322,HD
HD-297,5486 Alabama Hwy,Ringgold,GA,30736,HD
HD-298,3110 Cedartown Hwy Sw,Rome,GA,30161,HD
HD-299,1204 Turner Mccall Blvd,Rome,GA,30161,HD
HD-300,300 Mcfarland Ave,Rossville,GA,30741,HD
HD-301,1031 Franklin Springs St,Royston,GA,30662,HD
HD-302,195 Walmart Circle,Sandersville,GA,31082,HD
HD-303,6671 Roswell Rd Ne,Sandy Springs,GA,30328,HD
HD-304,1 GATEWAY BLVD S,SAVANNAH,GA,31419,HD
HD-305,5259 Stone Mountain Hwy,Stone Mountain,GA,30087,HD
HD-306,501 S MAIN ST,SWAINSBORO,GA,30401,HD
HD-307,587 Carrollton Rd,Temple,GA,30179,HD
HD-308,624 N Church St,Thomaston,GA,30286,HD
HD-309,1440 Remington Ave,Thomasville,GA,31792,HD
HD-310,178 Southwell Blvd,Tifton,GA,31794,HD
HD-311,318 S Virginia Ave,Tifton,GA,31794,HD
HD-312,1002 Big A Rd,Toccoa,GA,30577,HD
HD-313,Highway 136 W. Killian,Trenton,GA,30752,HD
HD-314,2901 N Ashley St,Valdosta,GA,31602,HD
HD-315,816 S Patterson St,Valdosta,GA,31601,HD
HD-316,161 Commerce Dr,Villa Rica,GA,30180,HD
HD-317,2609 Plant Ave,Ware,GA,31501,HD
HD-318,2829 Watson Blvd,Warner Robins,GA,31093,HD
HD-319,113 N BROAD ST,WINDER,GA,30680,HD
HD-320,1118 S Clinton,Albia,IA,52531,HD
HD-321,1510 Sw Tradition Dr,Ankeny,IA,50023,HD
HD-322,1930 State St,Bettendorf,IA,52722,HD
HD-323,907 Lawrence Dr,Burlington,IA,52601,HD
HD-324,1981 Blairs Ferry Rd,Cedar Rapids,IA,52402,HD
HD-325,3505 29Th Ave Sw,Cedar Rapids,IA,52404,HD
HD-326,100 E Maple St,Centerville,IA,52544,HD
HD-327,2002 Court Ave,Chariton,IA,50049,HD
HD-328,329 Central Avenue West,Clarion,IA,50525,HD
HD-329,117 S 2nd St,Clinton,IA,52732,HD
HD-330,107 2Nd St,Coralville,IA,52241,HD
HD-331,3200 S Expressway St,Council Bluffs,IA,51501,HD
HD-332,807 W Taylor,Creston,IA,50801,HD
HD-333,5232 Brady Street,Davenport,IA,52806,HD
HD-334,1715 Division St,Davenport,IA,52804,HD
HD-335,8755 University Ave,Des Moines,IA,50325,HD
HD-336,1449 E Euclid Ave,Des Moines,IA,50316,HD
HD-337,915 Army Post Rd,Des Moines,IA,50315,HD
HD-338,2100 Twin Valley Dr,Dubuque,IA,52003,HD
HD-339,105 S 9Th Ave,Eldridge,IA,52748,HD
HD-340,1400 Industrial Park Road,Ellsworth,IA,50075,HD
HD-341,1736 Central Ave,Estherville,IA,51334,HD
HD-342,6 S 15Th St,Fort Dodge,IA,50501,HD
HD-343,1431 Avenue H,Fort Madison,IA,52627,HD
HD-344,605 Highway 18 West,Garner,IA,50438,HD
HD-345,10 3rd Street Sw,Hampton,IA,50441,HD
HD-346,2010 Indorf Avenue,Holstein,IA,51025,HD
HD-347,1203 10Th Ave N,Humboldt,IA,50548,HD
HD-348,300 East Trail Ridge Ave,Indianola,IA,50125,HD
HD-349,1405 S Lincoln St,Knoxville,IA,50138,HD
HD-350,1205 Hawkeye Ave Sw,Le Mars,IA,51031,HD
HD-351,205 W Main,Manchester,IA,52057,HD
HD-352,902 S Center St,Marshalltown,IA,50158,HD
HD-353,515 S Delaware,Mason City,IA,50401,HD
HD-354,102 Highway 1 S,Mount Vernon,IA,52314,HD
HD-355,905 E Washington St,Mt Pleasant,IA,52641,HD
HD-356,705 Grandview Ave,Muscatine,IA,52761,HD
HD-357,1205 W 19Th St S,Newton,IA,50208,HD
HD-358,809 Albany Place,Orange City,IA,51041,HD
HD-359,1787 Venture Dr,Ottumwa,IA,52501,HD
HD-360,505 2Nd Ave,Sheldon,IA,51201,HD
HD-361,660 N Main,Sioux Center,IA,51250,HD
HD-362,910 Gordon Dr,Sioux City,IA,51101,HD
HD-363,4440 Sergeant Road,Sioux City,IA,51106,HD
HD-364,704 South Grand,Spencer,IA,51301,HD
HD-365,605 Flindt Drive,Storm Lake,IA,50588,HD
HD-366,601 Cedar St.,Tipton,IA,52772,HD
HD-367,118 W Highway 30,Toledo,IA,52342,HD
HD-368,805 Franklin St,Waterloo,IA,50703,HD
HD-369,1410 Flammang Dr,Waterloo,IA,50702,HD
HD-370,503 Rossville Rd,Waukon,IA,52172,HD
HD-371,117 Hwy 150 North,West Union,IA,52175,HD
HD-372,1007 N John Wayne Dr,Winterset,IA,50273,HD
HD-373,140 E Vienna St,Anna,IL,62906,HD
HD-374,5515 S Adams St,Bartonville,IL,61607,HD
HD-375,10095 Us Hwy 67,Beardstown,IL,62618,HD
HD-376,2 S Belt E,Belleville,IL,62220,HD
HD-377,1617 N Belt West,Belleville,IL,62226,HD
HD-378,2516 Green Mount Commons Dr,Belleville,IL,62221,HD
HD-379,629 W Main St,Benton,IL,62812,HD
HD-380,8800 Old US Highway 50,Breese,IL,62230,HD
HD-381,220 Green St,Bushnell,IL,61422,HD
HD-382,638 N Main St,Canton,IL,61520,HD
HD-383,454 N Broad St,Carlinville,IL,62626,HD
HD-384,1251 12th St,Carlyle,IL,62231,HD
HD-385,1308 S Division St,Carterville,IL,62918,HD
HD-386,123 N. Madison,Carthage,IL,62321,HD
HD-387,8850 Petroff Dr,Caseyville,IL,62232,HD
HD-388,750 W Broadway,Centralia,IL,62801,HD
HD-389,1806 W Bradley Ave,Champaign,IL,61821,HD
HD-390,331 N Main St,Chatham,IL,62629,HD
HD-391,217 W Holmes St,Chester,IL,62233,HD
HD-392,108 N 4th St,Chillicothe,IL,61523,HD
HD-393,307 S Grant St,Clinton,IL,61727,HD
HD-394,519 Belt Line Rd,Collinsville,IL,62234,HD
HD-395,15 W Fairchild St,Danville,IL,61832,HD
HD-396,1080 W Eldorado St,Decatur,IL,62522,HD
HD-397,3925 County Fair Drive,Decatur,IL,62526,HD
HD-398,619 S Galena St,Dixon,IL,61021,HD
HD-399,322 S Washington St,Du Quoin,IL,62832,HD
HD-400,12 W Northbrook Dr,Dwight,IL,60420,HD
HD-401,4008 Kennedy Dr,East Moline,IL,61244,HD
HD-402,101 N Main St,East Peoria,IL,61611,HD
HD-403,1505 W Fayette Ave,Effingham,IL,62401,HD
HD-404,1205 Us Highway 45 N,Eldorado,IL,62930,HD
HD-405,507 W Center St,Eureka,IL,61530,HD
HD-406,1413 Knox Highway 9,Galesburg,IL,61401,HD
HD-407,913 East Main,Galesburg,IL,61401,HD
HD-408,2163 S Oakwood Ave,Geneseo,IL,61254,HD
HD-409,"4207 S, Il-159",Glen Carbon,IL,62034,HD
HD-410,2720 Godfrey Rd,Godfrey,IL,62035,HD
HD-411,3249 W Chain Of Rocks,Granite City,IL,62040,HD
HD-412,700 E Poplar,Harrisburg,IL,62946,HD
HD-413,401 W Dearborn St,Havana,IL,62644,HD
HD-414,615 S Park Ave,Herrin,IL,62948,HD
HD-415,12620 State Rte 143,Highland,IL,62249,HD
HD-416,201 School St,Hillsboro,IL,62049,HD
HD-417,842 W Morton Ave,Jacksonville,IL,62650,HD
HD-418,528 S State St,Jerseyville,IL,62052,HD
HD-419,1310 State St,Lawrenceville,IL,62439,HD
HD-420,539 Woodlawn Rd,Lincoln,IL,62656,HD
HD-421,1106 N Carbon St,Marion,IL,62959,HD
HD-422,1117 Lakeland Blvd,Mattoon,IL,61938,HD
HD-423,601 Ferry St,Metropolis,IL,62960,HD
HD-424,Us 67 & 3rd Avenue,Milan,IL,61264,HD
HD-425,2301 16th Street,Moline,IL,61265,HD
HD-426,309 N Market St,Monticello,IL,61856,HD
HD-427,St. Rt 6 & Brisbin Rd,Morris,IL,60450,HD
HD-428,4333 Broadway St,Mount Vernon,IL,62864,HD
HD-429,1600 Broadway St,Mount Vernon,IL,62864,HD
HD-430,340 Walnut St,Murphysboro,IL,62966,HD
HD-431,180 S Mill St,Nashville,IL,62263,HD
HD-432,8690 Richter School Rd,New Baden,IL,62265,HD
HD-433,701 West Jourdan Avenue,Newton,IL,62448,HD
HD-434,1523 E College Ave,Normal,IL,61761,HD
HD-435,17919 Newton Road,Oakwood,IL,61858,HD
HD-436,110 East Highway 50,O Fallon,IL,62269,HD
HD-437,124 Hartman Ln,O Fallon,IL,62269,HD
HD-438,1001 W Walnut St,Oglesby,IL,61348,HD
HD-439,2625 Columbus St,Ottawa,IL,61350,HD
HD-440,316 S Main St,Paris,IL,61944,HD
HD-441,451 W Ottawa Rd,Paxton,IL,60957,HD
HD-442,105 N 5Th St,Pekin,IL,61554,HD
HD-443,3505 Ne Adams St,Peoria,IL,61603,HD
HD-444,8787 N Knoxville Ave,Peoria,IL,61615,HD
HD-445,3909 W War Memorial Drive,Peoria,IL,61615,HD
HD-446,3431 N University Street,Peoria,IL,61604,HD
HD-447,401 E Sangamon Ave,Petersburg,IL,62675,HD
HD-448,1526 No 12Th St,Quincy,IL,62301,HD
HD-449,2916 Broadway,Quincy,IL,62301,HD
HD-450,502 E. Main Street,Robinson,IL,62454,HD
HD-451,400 Steward Rd,Rochelle,IL,61068,HD
HD-452,503 First Ave,Rock Falls,IL,61071,HD
HD-453,4628 S Main St,Rockford,IL,61101,HD
HD-454,1419 38th St,Rock Island,IL,61201,HD
HD-455,13477 Quality Dr,Roscoe,IL,61073,HD
HD-456,600 W Clinton St,Rushville,IL,62681,HD
HD-457,501 W Main St,Salem,IL,62881,HD
HD-458,1533 E 162nd Street,South Holland,IL,60473,HD
HD-459,1835 Sangamon Ave,Springfield,IL,62702,HD
HD-460,2501 Stevenson Dr,Springfield,IL,62703,HD
HD-461,1700 Wabash Ave,Springfield,IL,62704,HD
HD-462,600 W Jefferson St,Springfield,IL,62702,HD
HD-463,3217 E Clear Lake Ave,Springfield,IL,62702,HD
HD-464,117 N Hibbard,Staunton,IL,62088,HD
HD-465,203 W Jackson,Sullivan,IL,61951,HD
HD-466,809 Moore Ave,Tuscola,IL,61953,HD
HD-467,905 N Springfield St,Virden,IL,62690,HD
HD-468,1102 Peoria St,Washington,IL,61571,HD
HD-469,912 N Market,Waterloo,IL,62298,HD
HD-470,1099 Edwardsville Rd.,Wood River,IL,62095,HD
HD-471,5627 S Scatterfield Road,Anderson,IN,46013,HD
HD-472,3443 W Maumee St,Angola,IN,46703,HD
HD-473,1510 16th St,Bedford,IN,47421,HD
HD-474,3301 W 3rd St,Bloomington,IN,47404,HD
HD-475,211 N Main St,Bluffton,IN,46714,HD
HD-476,304 E National Ave,Brazil,IN,47834,HD
HD-477,1741 E State Rd 163,Clinton,IN,47842,HD
HD-478,500 N Eastern Ave,Connersville,IN,47331,HD
HD-479,549 E MAIN ST,DANVILLE,IN,46122,HD
HD-480,240 N 13th St,Decatur,IN,46733,HD
HD-481,12000 N Hartman Dr,Edinburgh,IN,46124,HD
HD-482,2620 Cassopolis St,Elkhart,IN,46514,HD
HD-483,2820 E Main St,Elwood,IN,46036,HD
HD-484,1501 N Boeke Rd,Evansville,IN,47711,HD
HD-485,4400 Covert Ave,Evansville,IN,47714,HD
HD-486,2315 W Illinois St,Evansville,IN,47712,HD
HD-487,11660 ALLISONVILLE RD,FISHERS,IN,46038,HD
HD-488,5918 Lima Rd,Fort Wayne,IN,46818,HD
HD-489,2720 Maplecrest Road,Fort Wayne,IN,46815,HD
HD-490,4950 Beaner Blvd,Gas City,IN,46933,HD
HD-491,2201 Cr 17,Goshen,IN,46528,HD
HD-492,1215 W Main St,Greenfield,IN,46140,HD
HD-493,1881 N State St,Greenfield,IN,46140,HD
HD-494,2209 North Jefferson Street,Huntington,IN,46750,HD
HD-495,8009 PENDLETON PIKE,INDIANAPOLIS,IN,46226,HD
HD-496,4401 E 10TH STREET,INDIANAPOLIS,IN,46201,HD
HD-497,5950 BROOKVILLE RD,INDIANAPOLIS,IN,46219,HD
HD-498,921 E WASHINGTON ST,INDIANAPOLIS,IN,46202,HD
HD-499,6313 W WASHINGTON ST,INDIANAPOLIS,IN,46241,HD
HD-500,8015 S MERIDIAN ST,INDIANAPOLIS,IN,46217,HD
HD-501,9020 E 21ST ST,INDIANAPOLIS,IN,46229,HD
HD-502,8601 ALLISONVILLE RD,INDIANAPOLIS,IN,46250,HD
HD-503,1426 E 86TH ST,INDIANAPOLIS,IN,46240,HD
HD-504,4945 S EMERSON AVE,INDIANAPOLIS,IN,46203,HD
HD-505,710 W 10TH ST,INDIANAPOLIS,IN,46202,HD
HD-506,5016 HARDING LN,INDIANAPOLIS,IN,46217,HD
HD-507,4915 E. 56TH STREET,INDIANAPOLIS,IN,46220,HD
HD-508,3005 W 86TH ST,INDIANAPOLIS,IN,46268,HD
HD-509,2525 N HIGH SCHOOL RD,INDIANAPOLIS,IN,46224,HD
HD-510,762 Second St,Jasper,IN,47546,HD
HD-511,301 W Court Ave,Jeffersonville,IN,47130,HD
HD-512,2740 Allison Lane,Jeffersonville,IN,47130,HD
HD-513,1500 E Morgan St,Kokomo,IN,46901,HD
HD-514,710 Sagamore Parkway N,Lafayette,IN,47904,HD
HD-515,2400 E 200 N,Lafayette,IN,47905,HD
HD-516,W Eads Pkwy,Lawrenceburg,IN,47025,HD
HD-517,6582 S. State Road 66,Leavenworth,IN,47137,HD
HD-518,425 S Lebanon St,Lebanon,IN,46052,HD
HD-519,1121 E Market St,Logansport,IN,46947,HD
HD-520,330 Clifty Drive,Madison,IN,47250,HD
HD-521,3808 S Western Ave,Marion,IN,46953,HD
HD-522,589 State Road 39 Byp S,Martinsville,IN,46151,HD
HD-523,5223 Franklin Street,Michigan City,IN,46360,HD
HD-524,227 E MCGALLIARD ROAD,MUNCIE,IN,47303,HD
HD-525,4033 Bell Rd,Newburgh,IN,47630,HD
HD-526,129 S Memorial Dr,New Castle,IN,47362,HD
HD-527,1001 N Us Highway 31,New Whiteland,IN,46184,HD
HD-528,2500 CONNER ST,NOBLESVILLE,IN,46060,HD
HD-529,2305 N. Highway 3,North Vernon,IN,47265,HD
HD-530,789 NORTH GOSPEL,PAOLI,IN,47454,HD
HD-531,7160 S STATE RD 67,PENDLETON,IN,46064,HD
HD-532,301 N Broadway,Peru,IN,46970,HD
HD-533,1630 E MAIN ST,PLAINFIELD,IN,46168,HD
HD-534,2952 Gary Drive,Plymouth,IN,46563,HD
HD-535,2698 Us Highway 35 N,Richmond,IN,47374,HD
HD-536,1925 Chester Blvd,Richmond,IN,47374,HD
HD-537,200 S Main St,Rushville,IN,46173,HD
HD-538,1128 W Mcclain Ave,Scottsburg,IN,47170,HD
HD-539,240 S. Indiana Ave,Sellersburg,IN,47172,HD
HD-540,207 W Ireland Rd,South Bend,IN,46614,HD
HD-541,888 W State Rd 154,Sullivan,IN,47882,HD
HD-542,200 N Third St,Terre Haute,IN,47807,HD
HD-543,3381 S Us Highway 41,Terre Haute,IN,47802,HD
HD-544,1730 E Harlan Drive,Terre Haute,IN,47802,HD
HD-545,1875 Campbell Crossing,Tipton,IN,46072,HD
HD-546,1906 Hart Street,Vincennes,IN,47591,HD
HD-547,3360 Lake City Hwy,Warsaw,IN,46580,HD
HD-548,2004 E National Hwy,Washington,IN,47501,HD
HD-549,2232 Fair Road,Abilene,KS,67410,HD
HD-550,1126 E 12th Ave,Emporia,KS,66801,HD
HD-551,8021 State Ave,Kansas City,KS,66112,HD
HD-552,2400 E Kansas Ave,Mcpherson,KS,67460,HD
HD-553,815 S Parker St,Olathe,KS,66061,HD
HD-554,203 E 27th Ave,Ottawa,KS,66067,HD
HD-555,10500 Metcalf Ave,Overland Park,KS,66212,HD
HD-556,1015 S Broadway ST,Pittsburg,KS,66762,HD
HD-557,2424 Sw 6Th Ave,Topeka,KS,66606,HD
HD-558,2100 Sw Wanamaker Rd,Topeka,KS,66614,HD
HD-559,707 N 3Rd St,Bardstown,KY,40004,HD
HD-560,1808 MAIN ST,BEAVER DAM,KY,42320,HD
HD-561,61 Us Highway 68 W,Benton,KY,42025,HD
HD-562,241 BRENNER ST,BOWLING GREEN,KY,42101,HD
HD-563,127 CUMBERLAND TRACE RD,BOWLING GREEN,KY,42103,HD
HD-564,592 INTERSTATE DRIVE,BOWLING GREEN,KY,42101,HD
HD-565,2370 RUSSELLVILLE RD,BOWLING GREEN,KY,42101,HD
HD-566,1303 East Broadway,Campbellsville,KY,42718,HD
HD-567,90 DOHONEY TRACE,COLUMBIA,KY,42728,HD
HD-568,411 S Main St,Corbin,KY,40701,HD
HD-569,222 Highway 770,Corbin,KY,40701,HD
HD-570,1716 EAST MAIN STREET,CUMBERLAND,KY,40823,HD
HD-571,681 US HWY 27 S,CYNTHIANA,KY,41031,HD
HD-572,1706 N Dixie Hwy,Elizabethtown,KY,42701,HD
HD-573,601 South Ring Road,Elizabethtown,KY,42701,HD
HD-574,104 Buffalo Creek Dr,Elizabethtown,KY,42701,HD
HD-575,705 SCHENKEL LN,FRANKFORT,KY,40601,HD
HD-576,1248 US HIGHWAY 127 S,FRANKFORT,KY,40601,HD
HD-577,807 S Main St,Franklin,KY,42134,HD
HD-578,240 S L Roger Wells Blvd,Glasgow,KY,42141,HD
HD-579,2000 Edmonton Road,Glasgow,KY,42141,HD
HD-580,801 NORTH CAROL MALONE BLVD.,GRAYSON,KY,41143,HD
HD-581,840 N Main St,Greenville,KY,42345,HD
HD-582,325 Veterans Drive,Hanson,KY,42413,HD
HD-583,1120 OLD HWY 60 EAST,HARDINSBURG,KY,40143,HD
HD-584,1548 S. US HWY 421 BYPASS,HARLAN,KY,40831,HD
HD-585,1326 KENTUCKY HIGHWAY 15,HAZARD,KY,41701,HD
HD-586,100 N Green St,Henderson,KY,42420,HD
HD-587,101 Lincoln Dr,Hodgenville,KY,42748,HD
HD-588,3050 Fort Campbell Blvd,Hopkinsville,KY,42240,HD
HD-589,11700 Fort Campbell Blvd.,Hopkinsville,KY,42262,HD
HD-590,25 Fire House Ln,Hyden,KY,41749,HD
HD-591,98 RICHMOND ROAD,IRVINE,KY,40336,HD
HD-592,HIGHWAY 15 SOUTH,JACKSON,KY,41339,HD
HD-593,9433 Highway 805,Jenkins,KY,41537,HD
HD-594,100 Shelby Junction Lane,Junction City,KY,40440,HD
HD-595,50 Corporate Dr,Lebanon,KY,40033,HD
HD-596,406 S MAIN ST,LEITCHFIELD,KY,42754,HD
HD-597,1125 WINCHESTER RD,LEXINGTON,KY,40505,HD
HD-598,202 W NEW CIRCLE RD,LEXINGTON,KY,40505,HD
HD-599,2990 RICHMOND RD,LEXINGTON,KY,40509,HD
HD-600,815 N Wallace Wilkinson Blvd,Liberty,KY,42539,HD
HD-601,814 S MAIN ST,LONDON,KY,40741,HD
HD-602,1974 WEST HIGHWAY 192,LONDON,KY,40741,HD
HD-603,67 N Highway 3,Louisa,KY,41230,HD
HD-604,2909 Fern Valley Rd,Louisville,KY,40213,HD
HD-605,3459 Taylor Blvd,Louisville,KY,40215,HD
HD-606,11201 Oscar Road,Louisville,KY,40241,HD
HD-607,5352 Dixie Hwy,Louisville,KY,40216,HD
HD-608,770 E Center St,Madisonville,KY,42431,HD
HD-609,1033 Paris Rd,Mayfield,KY,42066,HD
HD-610,1504 Us Highway 68,Maysville,KY,41056,HD
HD-611,1310 N 12th Street,Middlesboro,KY,40965,HD
HD-612,1445 N Main St,Monticello,KY,42633,HD
HD-613,1691 FLEMINGSBURG RD,MOREHEAD,KY,40351,HD
HD-614,127 Veterans Way,Morgantown,KY,42261,HD
HD-615,215 Indian Mound Drive,Mount Sterling,KY,40353,HD
HD-616,RT 25,MT VERNON,KY,40456,HD
HD-617,505 N 12th St,Murray,KY,42071,HD
HD-618,903 S Main St,Nicholasville,KY,40356,HD
HD-619,3101 Frederica St,Owensboro,KY,42301,HD
HD-620,5104 Hinkleville Rd,Paducah,KY,42001,HD
HD-621,3024 Lone Oak Rd,Paducah,KY,42003,HD
HD-622,1726 Broadway St,Paducah,KY,42001,HD
HD-623,3700 Clarks River Rd,Paducah,KY,42003,HD
HD-624,545 NORTH MAYO TRAIL,PAINTSVILLE,KY,41240,HD
HD-625,1411 MAIN ST,PARIS,KY,40361,HD
HD-626,667 Hambley,Pikeville,KY,41501,HD
HD-627,909 N. LAKE DR.,PRESTONSBURG,KY,41653,HD
HD-628,370 Us Highway 62 W,Princeton,KY,42445,HD
HD-629,524 EASTERN BYPASS,RICHMOND,KY,40475,HD
HD-630,103 S KEENELAND DR,RICHMOND,KY,40475,HD
HD-631,2378 Highway 127,Russell Springs,KY,42642,HD
HD-632,313 Porter Rd,Sadieville,KY,40370,HD
HD-633,5705 N Highway 27,Science Hill,KY,42553,HD
HD-634,1927 Midland Trail,Shelbyville,KY,40065,HD
HD-635,409 S Highway 27,Somerset,KY,42501,HD
HD-636,3895 S Highway 27,Somerset,KY,42501,HD
HD-637,378 Southside Mall,South Williamson,KY,41503,HD
HD-638,801 BARDSTOWN ROAD,SPRINGFIELD,KY,40069,HD
HD-639,220 S MAIN ST,STANTON,KY,40380,HD
HD-640,1289 WEST MAIN ST,WEST LIBERTY,KY,41472,HD
HD-641,730 S 10Th St,Williamsburg,KY,40769,HD
HD-642,1466 W Lexington Ave,Winchester,KY,40391,HD
HD-643,300 Cumberland St,Bogalusa,LA,70427,HD
HD-644,1118 Lowe Grout Rd,Iowa,LA,70647,HD
HD-645,4158 I-49 Service Rd.,Opelousas,LA,70570,HD
HD-646,800 Woods Rd,Cambridge,MD,21613,HD
HD-647,501 Church Hill Rd,Centreville,MD,21617,HD
HD-648,9521 Ocean Hwy,Delmar,MD,21875,HD
HD-649,8335 Ocean Gtwy,Easton,MD,21601,HD
HD-650,881 E Pulaski Hwy,Elkton,MD,21921,HD
HD-651,1699 Crain Hwy S,Glen Burnie,MD,21061,HD
HD-652,42 East Main Street,Hancock,MD,21750,HD
HD-653,2635 Annapolis Rd,Hanover,MD,21076,HD
HD-654,718 Nursery Rd,Linthicum,MD,21090,HD
HD-655,4111 Mountain Rd,Pasadena,MD,21122,HD
HD-656,125 Pocomoke Marketplace,Pocomoke City,MD,21851,HD
HD-657,30362 Mt Vernon Rd,Princess Anne,MD,21853,HD
HD-658,1301 S Salisbury Blvd,Salisbury,MD,21801,HD
HD-659,2403 N Salisbury Blvd,Salisbury,MD,21801,HD
HD-660,1157 Shopping Center Rd,Stevensville,MD,21666,HD
HD-661,6560 Dixie Highway,Bridgeport,MI,48722,HD
HD-662,606 N Lincoln Rd,Escanaba,MI,49829,HD
HD-663,1609 Nadeau Road,Frenchtown,MI,48162,HD
HD-664,7300 W. Grand River Ave.,Grand Ledge,MI,48837,HD
HD-665,23240 John R Rd,Hazel Park,MI,48030,HD
HD-666,9790 Adams St,Holland,MI,49423,HD
HD-667,1600 HIGHWAY 71,INTERNATIONAL FALLS,MI,56649,HD
HD-668,315 N Stephenson Ave,Iron Mountain,MI,49801,HD
HD-669,350 East U.S. Hwy 2,Manistique,MI,49854,HD
HD-670,1120 W Washington St,Marquette,MI,49855,HD
HD-671,18720 Partello Rd,Marshall,MI,49068,HD
HD-672,14137 Plank Road,Milan,MI,48160,HD
HD-673,525 E M-28,Munising,MI,49862,HD
HD-674,734 S 11th St,Niles,MI,49120,HD
HD-675,534 E MAIN ST,OWOSSO,MI,48867,HD
HD-676,35155 Mound Rd,Sterling Heights,MI,48310,HD
HD-677,1147 S Broadway Ave,Albert Lea,MN,56007,HD
HD-678,605 50th Ave W,Alexandria,MN,56308,HD
HD-679,1406 4th St Nw,Austin,MN,55912,HD
HD-680,205 Paul Bunyan Dr Nw,Bemidji,MN,56601,HD
HD-681,119 Washington St,Brainerd,MN,56401,HD
HD-682,I-35 & Hwy 97,Columbus,MN,55025,HD
HD-683,2000 N State St,Fairmont,MN,56031,HD
HD-684,1940 Cardinal Ln,Faribault,MN,55021,HD
HD-685,2524 College Way,Fergus Falls,MN,56537,HD
HD-686,1250 S Pokegama Ave,Grand Rapids,MN,55744,HD
HD-687,147 Highway 212 E,Granite Falls,MN,56241,HD
HD-688,2527 E 13TH AVE,HIBBING,MN,55746,HD
HD-689,401 1/2 Fire Monument Rd,Hinckley,MN,55037,HD
HD-690,1409 Madison Ave,Mankato,MN,56001,HD
HD-691,101 W Lind Ct,Mankato,MN,56001,HD
HD-692,1402 E College Dr,Marshall,MN,56258,HD
HD-693,925 1St St E,Milaca,MN,56353,HD
HD-694,3402 28th Avenue South,Moorhead,MN,56560,HD
HD-695,240 Highway 65 S,Mora,MN,55051,HD
HD-696,1710 Westridge Rd,New Ulm,MN,56073,HD
HD-697,7099 11th St N,Oakdale,MN,55128,HD
HD-698,1120 Hoffman Dr,Owatonna,MN,55060,HD
HD-699,8708 Crossing Dr.,Rockville,MN,56301,HD
HD-700,369 Hamline Ave N,Saint Paul,MN,55104,HD
HD-701,1180 Main St S,Sauk Centre,MN,56378,HD
HD-702,320 Main St W,Sleepy Eye,MN,56085,HD
HD-703,2102 Enterprises Dr,St. Charles,MN,55972,HD
HD-704,151 County Road 120,St. Cloud,MN,56303,HD
HD-705,1400 13Th St,Virginia,MN,55792,HD
HD-706,204 Minnesota Avenue,Walker,MN,56484,HD
HD-707,1704 1St Street S,Willmar,MN,56001,HD
HD-708,250 3rd Ave,Windom,MN,56101,HD
HD-709,12520 Fremont Ave,Zimmerman,MN,55398,HD
HD-710,2010 South Elliott Avenue,Aurora,MO,65605,HD
HD-711,910 Sw Missouri RTE 7,Blue Springs,MO,64014,HD
HD-712,1010 Highway K,Bonne Terre,MO,63628,HD
HD-713,2501 W Ashley Rd,Boonville,MO,65233,HD
HD-714,18054 Highway 161,Bowling Green,MO,63334,HD
HD-715,19001 Missouri Business 13,Branson West,MO,65737,HD
HD-716,1100 W Dallas St,Buffalo,MO,65622,HD
HD-717,2115 William St,Cape Girardeau,MO,63703,HD
HD-718,2516 South Grand,Carthage,MO,64836,HD
HD-719,17368 Chesterfield Airport Rd,Chesterfield,MO,63005,HD
HD-720,1616 East Ohio Street,Clinton,MO,64735,HD
HD-721,702 N Franklin St,Cuba,MO,65453,HD
HD-722,12974 Highway 21,De Soto,MO,63020,HD
HD-723,301 E 4th St,Eldon,MO,65026,HD
HD-724,545 Main Street,Fenton,MO,63026,HD
HD-725,1305 Veterans Blvd,Festus,MO,63028,HD
HD-726,501 E Highway 72,Fredericktown,MO,63645,HD
HD-727,2900 James Rd,Hannibal,MO,63401,HD
HD-728,4699 Gravois Rd,House Springs,MO,63051,HD
HD-729,926 S Sam Houston Blvd,Houston,MO,65483,HD
HD-730,4011 S Noland Rd,Independence,MO,64055,HD
HD-731,17701 E Us Highway 24,Independence,MO,64056,HD
HD-732,421 E Jackson Blvd,Jackson,MO,63755,HD
HD-733,3601 Country Club Dr,Jefferson City,MO,65109,HD
HD-734,1810 South Main Street,Joplin,MO,64804,HD
HD-735,1641 W 7th Street,Joplin,MO,64801,HD
HD-736,4013 Hwy 43,Joplin,MO,64804,HD
HD-737,6323 Independence Ave,Kansas City,MO,64125,HD
HD-738,5373 East Bannister Road,Kansas City,MO,64137,HD
HD-739,1411 S Baltimore St,Kirksville,MO,63501,HD
HD-740,10 Centre On The Lake,Lake Saint Louis,MO,63367,HD
HD-741,100 Plaza Sq,Leadington,MO,63601,HD
HD-742,1300 S Jefferson,Lebanon,MO,65536,HD
HD-743,1100 Sw 3rd St,Lees Summit,MO,64081,HD
HD-744,2580 Lemay Ferry Rd,Lemay,MO,63125,HD
HD-745,3313 Georgia Street,Louisiana,MO,63353,HD
HD-746,1703 N Missouri St,Macon,MO,63552,HD
HD-747,908 N DOUGLASS ST,MALDEN,MO,63863,HD
HD-748,707 W Jackson St,Mexico,MO,65265,HD
HD-749,308 Hwy 24 E,Moberly,MO,65270,HD
HD-750,1003 Us Highway 24/36 E,Monroe City,MO,63456,HD
HD-751,530 S Neosho Blvd,Neosho,MO,64850,HD
HD-752,17550 Hwy 19,New London,MO,63459,HD
HD-753,1212 W Osage,Pacific,MO,63069,HD
HD-754,500 E Main Cross St,Palmyra,MO,63461,HD
HD-755,11 N Kingshighway St,Perryville,MO,63775,HD
HD-756,101 S WESTWOOD BLVD,POPLAR BLUFF,MO,63901,HD
HD-757,103 Healthway Drive,Potosi,MO,63664,HD
HD-758,2023 Zumbehl Rd,Saint Charles,MO,63303,HD
HD-759,2701 Mo-94 N.,Saint Charles,MO,63301,HD
HD-760,3911 N Belt Hwy,Saint Joseph,MO,64506,HD
HD-761,4321 Butler Hill Rd,Saint Louis,MO,63128,HD
HD-762,2110 Hampton Ave,Saint Louis,MO,63139,HD
HD-763,10858 Lilac Ave,Saint Louis,MO,63137,HD
HD-764,501 Mid Rivers Mall Dr,Saint Peters,MO,63376,HD
HD-765,715 E Broadway Blvd,Sedalia,MO,65301,HD
HD-766,1105 S Main St,Sikeston,MO,63801,HD
HD-767,3465 W Chestnut Expwy,Springfield,MO,65802,HD
HD-768,2260 North Glenstone,Springfield,MO,65803,HD
HD-769,1444 East Battlefield,Springfield,MO,65804,HD
HD-770,1515 W Battlefield,Springfield,MO,65807,HD
HD-771,400 N State Hwy 125,Strafford,MO,65757,HD
HD-772,1849 E 9th St,Trenton,MO,64683,HD
HD-773,231 E Highway 47,Troy,MO,63379,HD
HD-774,300 US 50E,Union,MO,63084,HD
HD-775,850 Meramec Station Rd,Valley Park,MO,63088,HD
HD-776,902 Meramec Station Rd,Valley Park,MO,63088,HD
HD-777,228 W 5th St,Washington,MO,63090,HD
HD-778,1944 Wentzville Parkway,Wentzville,MO,63385,HD
HD-779,905 Porter Wagoner Blvd,West Plains,MO,65775,HD
HD-780,909 HWY 278 ST EAST,Amory,MS,38821,HD
HD-781,693 HWY 6 EAST,BATESVILLE,MS,38606,HD
HD-782,2813 Hwy 15,Bay Springs,MS,39422,HD
HD-783,1202 N 2ND ST,Booneville,MS,38829,HD
HD-784,3530 Highway 49,Collins,MS,39428,HD
HD-785,809 Hwy 98 Byp,Columbia,MS,39429,HD
HD-786,1460 Old Aberdeen Rd,Columbus,MS,39705,HD
HD-787,203 Alabama St,Columbus,MS,39702,HD
HD-788,10324 Diberville Blvd,Diberville,MS,39540,HD
HD-789,600 South Adams St,Fulton,MS,38843,HD
HD-790,2403 Highway 90,Gautier,MS,39553,HD
HD-791,1651 Highway 1 S,Greenville,MS,38701,HD
HD-792,12219 Hwy 49 N,Gulfport,MS,39503,HD
HD-793,4964 Hardy St,Hattiesburg,MS,39402,HD
HD-794,749 GOODMAN RD WEST,HORN LAKE,MS,38637,HD
HD-795,444 N Jackson Street,Houston,MS,38851,HD
HD-796,1212 Hwy 82 East,Indianola,MS,38751,HD
HD-797,1610 1st American Dr,Iuka,MS,38852,HD
HD-798,710 N 16th Ave,Laurel,MS,39440,HD
HD-799,2621 Ellisville Blvd,Laurel,MS,39440,HD
HD-800,913 Chantilly St,Laurel,MS,39440,HD
HD-801,311 North Church Ave.,Louisville,MS,39339,HD
HD-802,24 Cowart St,Lucedale,MS,39452,HD
HD-803,1790 Simpson Highway 49,Magee,MS,39111,HD
HD-804,134 N Hills St,Meridian,MS,39305,HD
HD-805,2102 N Frontage Rd,Meridian,MS,39301,HD
HD-806,6712 Hwy 63 N,Moss Point,MS,39563,HD
HD-807,241 East Side Drive,Newton,MS,39345,HD
HD-808,7015 HACKS CROSS ROAD,OLIVE BRANCH,MS,38654,HD
HD-809,2701 Denny Ave,Pascagoula,MS,39567,HD
HD-810,106 W Central Ave,Petal,MS,39465,HD
HD-811,1001 Beacon St,Philadelphia,MS,39350,HD
HD-812,1102 Memorial Blvd,Picayune,MS,39466,HD
HD-813,124 HWY 15 NORTH,Pontotoc,MS,38863,HD
HD-814,1016 S Main St,Poplarville,MS,39470,HD
HD-815,302 S Archusa Ave,Quitman,MS,39355,HD
HD-816,112 Willow Brook Dr,Saltillo,MS,38866,HD
HD-817,411 Highway 12 East,Starkville,MS,39759,HD
HD-818,477 E Main St,Tupelo,MS,38804,HD
HD-819,2439 West Main Street,Tupelo,MS,38801,HD
HD-820,5016 Raymond St,Tupelo,MS,38801,HD
HD-821,903 Azalea Dr,Waynesboro,MS,39367,HD
HD-822,6757 Hwy 45 South,West Point,MS,39773,HD
HD-823,2404 Central Ave,Billings,MT,59102,HD
HD-824,608 N 27th St,Billings,MT,59101,HD
HD-825,2625 10th Ave S,Great Falls,MT,59405,HD
HD-826,1270 N Highway 47,Hardin,MT,59034,HD
HD-827,320 Euclid Ave,Helena,MT,59601,HD
HD-828,8077 Hwy 10 West,Missoula,MT,59808,HD
HD-829,1664 NC HWY 5,Aberdeen,NC,28315,HD
HD-830,1304 Sandhills Blvd N,Aberdeen,NC,28315,HD
HD-831,104 Nc 561 East,Ahoskie,NC,27910,HD
HD-832,705 LEONARD AVE,ALBEMARLE,NC,28001,HD
HD-833,2765 stewart Rd,Andrews,NC,28901,HD
HD-834,253 N RALEIGH STREET,ANGIER,NC,27501,HD
HD-835,10544 US Hwy 64,Apex,NC,27523,HD
HD-836,457 E Dixie Dr,Asheboro,NC,27203,HD
HD-837,71 Hendersonville Rd,Asheville,NC,28803,HD
HD-838,307 Smokey Park Hwy,Asheville,NC,28806,HD
HD-839,1411 W 3RD ST,AYDEN,NC,28513,HD
HD-840,6474 DEANS ST,BAILEY,NC,27807,HD
HD-841,7047 NC HIGHWAY 4,BATTLEBORO,NC,27809,HD
HD-842,870 Hwy 264 E,Belhaven,NC,27810,HD
HD-843,611 NORTH MAIN STREET,BELMONT,NC,28012,HD
HD-844,11959 Nc 210,Benson,NC,27504,HD
HD-845,120 West Main Street,Beulaville,NC,28518,HD
HD-846,519 E Main St,Biscoe,NC,27209,HD
HD-847,1211 N Main Street,Bladenboro,NC,28320,HD
HD-848,344 E KING ST,BOONE,NC,28607,HD
HD-849,124 N C St,Bridgeton,NC,28519,HD
HD-850,420 Main St.,Bunn,NC,27508,HD
HD-851,500 Us Highway 117,Burgaw,NC,28425,HD
HD-852,2349 MAPLE AVENUE,BURLINGTON,NC,27215,HD
HD-853,2124 WEST WEBB AVENUE,BURLINGTON,NC,27217,HD
HD-854,2756 ALAMANCE ROAD,BURLINGTON,NC,27215,HD
HD-855,318 W US Highway 19E BYP,Burnsville,NC,28714,HD
HD-856,100 TOWNE CENTER DRIVE,CAMDEN,NC,27921,HD
HD-857,4480 Buffalo Lake Rd,Cameron,NC,28326,HD
HD-858,16 New Clyde Hwy,Canton,NC,28716,HD
HD-859,254 Lake Park Blvd,Carolina Bch,NC,28428,HD
HD-860,1018 Monroe St,Carthage,NC,28327,HD
HD-861,5601 Castle Hayne Rd,Castle Hayne,NC,28429,HD
HD-862,915 North Brown Street,Chadbourn,NC,28431,HD
HD-863,6116 FARRINGTON ROAD,CHAPEL HILL,NC,27517,HD
HD-864,4201 EAST W.T.HARRIS BLVD,CHARLOTTE,NC,28215,HD
HD-865,509 HWY 29 NORTH,CHINA GROVE,NC,28023,HD
HD-866,Us Hwy 17 & First Street,Chocowinity,NC,27817,HD
HD-867,3099 WEST MAIN STREET,CLAREMONT,NC,28610,HD
HD-868,12872 Us 70 Hwy W,Clayton,NC,27520,HD
HD-869,36 Springbrook Ave,Clayton,NC,27520,HD
HD-870,1514 Sunset Ave,Clinton,NC,28328,HD
HD-871,459 North Mckinley,Coats,NC,27521,HD
HD-872,547 NORTH CHURCH STREET,CONCORD,NC,28025,HD
HD-873,609 CONOVER BOULEVARD W,CONOVER,NC,28613,HD
HD-874,2568 W LYON STATION RD,CREEDMOOR,NC,27522,HD
HD-875,6090 N HIGHWAY 16,DENVER,NC,28037,HD
HD-876,873 Long Branch Rd,Dunn,NC,28334,HD
HD-877,4607 S ALSTON AVE,DURHAM,NC,27713,HD
HD-878,3912 NORTH DUKE STREET,DURHAM,NC,27704,HD
HD-879,2721 CHAPEL HILL RD,DURHAM,NC,27707,HD
HD-880,262 W KINGS HWY,EDEN,NC,27288,HD
HD-881,1001 US HWY 17 S,ELIZABETH CITY,NC,27909,HD
HD-882,213 S. Poplar Street,Elizabethtown,NC,28337,HD
HD-883,105 SOUTH MCDANIEL STREET,ENFIELD,NC,27823,HD
HD-884,600 E Jackson Blvd,Erwin,NC,28339,HD
HD-885,3803 Morganton Road,Fayetteville,NC,28314,HD
HD-886,3405 Murchison Road,Fayetteville,NC,28311,HD
HD-887,2497 Hope Mills Road,Fayetteville,NC,28304,HD
HD-888,6397 Ramsey St,Fayetteville,NC,28311,HD
HD-889,360 N Eastern Blvd,Fayetteville,NC,28301,HD
HD-890,665 S Broadway St,Forest City,NC,28043,HD
HD-891,710 E Main St,Franklin,NC,28734,HD
HD-892,3257 U.S. Highway 1,Franklinton,NC,27525,HD
HD-893,1560 NORTH BROAD STREET,FUQUAY VARINA,NC,27526,HD
HD-894,100 Vandora Springs Rd,Garner,NC,27529,HD
HD-895,2898 Cornwallis Rd,Garner,NC,27529,HD
HD-896,100 Lawrenceville Road,Gaston,NC,27832,HD
HD-897,1901 South York Road,Gastonia,NC,28052,HD
HD-898,2135 N CHESTER ST,GASTONIA,NC,28052,HD
HD-899,1109 11th St,Goldsboro,NC,27534,HD
HD-900,220 E Ash St,Goldsboro,NC,27530,HD
HD-901,6501 Caratoke Highway 158,Grandy,NC,27939,HD
HD-902,27 PINEWOOD RD,GRANITE FALLS,NC,28630,HD
HD-903,701 College Rd,Greensboro,NC,27410,HD
HD-904,3741 CHARLES BOULEVARD,GREENVILLE,NC,27858,HD
HD-905,701 West Hamlet Ave,Hamlet,NC,28345,HD
HD-906,14535 US HWY 17 SOUTH,HAMPSTEAD,NC,28443,HD
HD-907,4280 Hwy 49 N,Harrisburg,NC,28075,HD
HD-908,120 DABNEY DR,HENDERSON,NC,27536,HD
HD-909,1807 Four Seasons Blvd,Hendersonville,NC,28792,HD
HD-910,6001 Asheville Hwy,Hendersonville,NC,28791,HD
HD-911,200 Ocean Highway S.,Hertford,NC,27944,HD
HD-912,1110 LENOIR RHYNE BLVD,HICKORY,NC,28602,HD
HD-913,324 S Center St,Hildebran,NC,28637,HD
HD-914,380 South Churton Street,Hillsborough,NC,27278,HD
HD-915,4260 LEGION ROAD,HOPE MILLS,NC,28348,HD
HD-916,14101 STATESVILLE RD,HUNTERSVILLE,NC,28078,HD
HD-917,1106 WESTERN BLVD,JACKSONVILLE,NC,28546,HD
HD-918,3001 RICHLANDS HIGHWAY,JACKSONVILLE,NC,28540,HD
HD-919,799 E Main St,Jefferson,NC,28640,HD
HD-920,140 DALE EARNHARDT BLVD,KANNAPOLIS,NC,28081,HD
HD-921,Hwy 50 Limestone Rd,Kenansville,NC,28349,HD
HD-922,813 S Main St,Kernersville,NC,27284,HD
HD-923,509 E KING ST,KINGS MOUNTAIN,NC,28086,HD
HD-924,1344 Highway 258 S,Kinston,NC,28504,HD
HD-925,4171 W VERNON AVENUE,KINSTON,NC,28504,HD
HD-926,9760 Andrew Jackson Hwy,Laurel Hill,NC,28351,HD
HD-927,1675 S. Main St,Laurinburg,NC,28352,HD
HD-928,101 Village Rd Ne,Leland,NC,28451,HD
HD-929,670 MORGANTON BLVD,LENOIR,NC,28645,HD
HD-930,521 SALEM STREET,LEXINGTON,NC,27292,HD
HD-931,1102 S MAIN ST,LILLINGTON,NC,27546,HD
HD-932,1102 East Main St,Lincolnton,NC,28092,HD
HD-933,221 E MAIN ST,LITTLETON,NC,27850,HD
HD-934,110 S BRICKETT BLVD,LOUISBURG,NC,27549,HD
HD-935,716 MCADENVILLE RD,LOWELL,NC,28098,HD
HD-936,2475 N Roberts Avenue,Lumberton,NC,28358,HD
HD-937,3007 W 5th St,Lumberton,NC,28358,HD
HD-938,101 Jackson Court,Lumberton,NC,28358,HD
HD-939,604 Burton Street,Madison,NC,27025,HD
HD-940,5860 Startown Road,Maiden,NC,28650,HD
HD-941,1194 N Main St.,Marion,NC,28752,HD
HD-942,3240 Highway 226 S,Marion,NC,28752,HD
HD-943,642 N Patterson Street,Maxton,NC,28364,HD
HD-944,701 Main St,Maysville,NC,28555,HD
HD-945,1217 Trollingwood Hawfields Rd,Mebane,NC,27302,HD
HD-946,1350 HIGHWAY 601 SOUTH,MOCKSVILLE,NC,27028,HD
HD-947,503 W ROOSEVELT BLVD,Monroe,NC,28110,HD
HD-948,863 N GREEN ST,MORGANTON,NC,28655,HD
HD-949,1205 BURKEMONT AVE,MORGANTON,NC,28655,HD
HD-950,141 PIONEER VILLAGE DR,Mountain City,NC,37683,HD
HD-951,2154 Rockford Street,Mount Airy,NC,27030,HD
HD-952,1221 West Pine Street,Mount Airy,NC,27030,HD
HD-953,205 W. Nc Highway 55,Mount Olive,NC,28365,HD
HD-954,8440 Highway 49 N,Mount Pleasant,NC,28124,HD
HD-955,410 CARATOKE HWY,MOYOCK,NC,27958,HD
HD-956,361 W Washington St,Nashville,NC,27856,HD
HD-957,570 Pineola ST,Newland,NC,28657,HD
HD-958,1760 Southfork Drive,Newton,NC,28658,HD
HD-959,105 W Weeksdale Dr,Newton Grove,NC,28366,HD
HD-960,3678 Maco Road,Northwest,NC,28451,HD
HD-961,1651 SEASIDE ROAD SW,OCEAN ISLE BEACH,NC,28469,HD
HD-962,307 S Catawba Ave,Old Fort,NC,28762,HD
HD-963,620 LEWIS STREET,OXFORD,NC,27565,HD
HD-964,317 W 3rd Street,Pembroke,NC,28372,HD
HD-965,5040 Hwy 117 N,Pikeville,NC,27863,HD
HD-966,200 WEST MAIN STREET,PILOT MOUNTAIN,NC,27041,HD
HD-967,28 EAST ST,PITTSBORO,NC,27312,HD
HD-968,101 Smith Street,Princeton,NC,27569,HD
HD-969,112 Fayetteville Road,Raeford,NC,28376,HD
HD-970,2304 Gorman St,Raleigh,NC,27606,HD
HD-971,5601 Creedmoor Rd,Raleigh,NC,27612,HD
HD-972,5639 Hillsborough St,Raleigh,NC,27606,HD
HD-973,704 W Academy St,Randleman,NC,27317,HD
HD-974,610 E 4Th Ave,Red Springs,NC,28377,HD
HD-975,1702 FREEWAY DRIVE,REIDSVILLE,NC,27320,HD
HD-976,8901 Richlands Highway 24,Richlands,NC,28574,HD
HD-977,1711 JULIAN R ALLSBROOK HWY,ROANOKE RAPIDS,NC,27870,HD
HD-978,120 EAST 10TH ST,ROANOKE RAPIDS,NC,27870,HD
HD-979,481 Us Highway 1 S,Rockingham,NC,28379,HD
HD-980,507 W MAIN ST,ROCKWELL,NC,28138,HD
HD-981,1200 E Raleigh Blvd,Rocky Mount,NC,27801,HD
HD-982,886 W Raleigh Blvd,Rocky Mount,NC,27803,HD
HD-983,600 N Wesleyan Blvd,Rocky Mount,NC,27804,HD
HD-984,3525 Sunset Ave,Rocky Mount,NC,27804,HD
HD-985,1831 N Wesleyan Blvd,Rocky Mount,NC,27804,HD
HD-986,4891 Sunset Avenue,Rocky Mount,NC,27804,HD
HD-987,8081 Us Highway 117 S,Rocky Point,NC,28457,HD
HD-988,403 South Main Street,Rolesville,NC,27571,HD
HD-989,205 Hwy 24,Roseboro,NC,28382,HD
HD-990,303 N MADISON BOULEVARD,ROXBORO,NC,27573,HD
HD-991,116 College Ave,Rutherfordton,NC,28139,HD
HD-992,507 W Broad St,Saint Pauls,NC,28384,HD
HD-993,726 E INNES ST,SALISBURY,NC,28144,HD
HD-994,3002 S HORNER BLVD,SANFORD,NC,27332,HD
HD-995,2255 Jefferson Davis Hwy,Sanford,NC,27330,HD
HD-996,5184 NC 87 N,SANFORD,NC,27332,HD
HD-997,608 South Main Street,Scotland Neck,NC,27874,HD
HD-998,434 Little River Rd,Seagrove,NC,27341,HD
HD-999,437 US HWY 70,SELMA,NC,27576,HD
HD-1000,4414 Main Street,Shallotte,NC,28470,HD
HD-1001,3651 N Hathaway Blvd,Sharpsburg,NC,27878,HD
HD-1002,324 E GROVER ST,SHELBY,NC,28150,HD
HD-1003,7946 VILLAGE CENTER NORTH,SHERRILLS FORD,NC,28673,HD
HD-1004,1262 N BRIGHTLEAF BLVD,SMITHFIELD,NC,27577,HD
HD-1005,968 NC HWY 210,SNEADS FERRY,NC,28460,HD
HD-1006,417 S Main St,Sparta,NC,28675,HD
HD-1007,441 Highway 27 S,Stanley,NC,28164,HD
HD-1008,255 N CENTER ST,STATESVILLE,NC,28677,HD
HD-1009,1205 E GARNER BAGNAL BLVD,STATESVILLE,NC,28677,HD
HD-1010,5189 CLINTON RD,STEDMAN,NC,28391,HD
HD-1011,5 Ocean Hwy E,Supply,NC,28462,HD
HD-1012,2791 Ocean View Ave S.W.,Supply,NC,28462,HD
HD-1013,418 Roland Avenue,Surf City,NC,28445,HD
HD-1014,677 W CORBETT AVE,SWANSBORO,NC,28584,HD
HD-1015,101B WB MCLEAN BLVD,SWANSBORO,NC,28584,HD
HD-1016,475 E. Main St,SYLVA,NC,28779,HD
HD-1017,700 Western Blvd,Tarboro,NC,27886,HD
HD-1018,14622 Nc Hwy 87 West,Tar Heel,NC,28392,HD
HD-1019,1025 RANDOLPH STREET,THOMASVILLE,NC,27360,HD
HD-1020,3002 Old Hollow Rd,Walkertown,NC,27051,HD
HD-1021,807 N Norwood St,Wallace,NC,28466,HD
HD-1022,1074 N Main St,Walnut Cove,NC,27052,HD
HD-1023,417 W RIDGEWAY ST,WARRENTON,NC,27589,HD
HD-1024,1290 JOHN SMALL AVE,WASHINGTON,NC,27889,HD
HD-1025,2427 W 5Th St,Washington,NC,27889,HD
HD-1026,2010 S. Main St,Waynesville,NC,28786,HD
HD-1027,65 Weaver Blvd,Weaverville,NC,28787,HD
HD-1028,2888 Wendell Boulevard,Wendell,NC,27591,HD
HD-1029,265 Washington Street,Whiteville,NC,28472,HD
HD-1030,1901 Addison Ave,Wilkesboro,NC,28697,HD
HD-1031,1585 WASHINGTON ST,WILLIAMSTON,NC,27892,HD
HD-1032,2518 Carolina Beach Rd,Wilmington,NC,28401,HD
HD-1033,1420 Floral Pkwy,Wilmington,NC,28403,HD
HD-1034,1970 S 17th St,Wilmington,NC,28401,HD
HD-1035,1900 Castle Hayne Rd,Wilmington,NC,28401,HD
HD-1036,2313 Forest Hills Road,Wilson,NC,27893,HD
HD-1037,2837 US HIGHWAY 301 SOUTH,WILSON,NC,27893,HD
HD-1038,10 E Clemmonsville Rd,Winston Salem,NC,27127,HD
HD-1039,1590 First St,Winston Salem,NC,27104,HD
HD-1040,3351 Sides Branch Rd,Winston Salem,NC,27127,HD
HD-1041,952 S State St,Yadkinville,NC,27055,HD
HD-1042,2089 Nc Highway 86 N,Yanceyville,NC,27379,HD
HD-1043,607 W Gannon St,Zebulon,NC,27597,HD
HD-1044,1301 Capital Ave,Bismarck,ND,58501,HD
HD-1045,515 Highway 2 E,Devils Lake,ND,58301,HD
HD-1046,233 W Villard St,Dickinson,ND,58601,HD
HD-1047,3819 Main Ave,Fargo,ND,58103,HD
HD-1048,3072 45Th St,Fargo,ND,58104,HD
HD-1049,1213 47Th Street,Grand Forks,ND,58201,HD
HD-1050,901 1St Ave S,Jamestown,ND,58401,HD
HD-1051,2205 N Broadway,Minot,ND,58703,HD
HD-1052,2000 S Broadway,Minot,ND,58701,HD
HD-1053,104 9Th Ave Se,Watford City,ND,58854,HD
HD-1054,1450 13th Ave,West Fargo,ND,58078,HD
HD-1055,1020 2Nd Ave W,Williston,ND,58801,HD
HD-1056,811 N 205 St,Elkhorn,NE,68022,HD
HD-1057,3350 Elk Ln,Fremont,NE,68025,HD
HD-1058,1300 W Monroe Avenue,Norfolk,NE,68701,HD
HD-1059,102 Holiday Frontage Road,North Platte,NE,69101,HD
HD-1060,9407 S 145Th St,Omaha,NE,68138,HD
HD-1061,3225 L St,Omaha,NE,68107,HD
HD-1062,12424 L St,Omaha,NE,68137,HD
HD-1063,2405 Dakota Ave,South Sioux City,NE,68776,HD
HD-1064,188 North 30 Rd,Syracuse,NE,68446,HD
HD-1065,6201 Shortman Road,Ripley,NY,14755,HD
HD-1066,2695 Gilchrist Rd,Akron,OH,44305,HD
HD-1067,1395 S Arlington St,Akron,OH,46305,HD
HD-1068,4010 Colonel Glenn Hwy,Beaver Creek,OH,45431,HD
HD-1069,2001 State Route 540,Bellefontaine,OH,43311,HD
HD-1070,1801 Washington Street,Belpre,OH,45714,HD
HD-1071,2008 State Route 850,Bidwell,OH,45614,HD
HD-1072,801 Arlington Road,Brookville,OH,45309,HD
HD-1073,536 S Sandusky Street,Bucyrus,OH,44820,HD
HD-1074,10145 Avon Lake Rd,Burbank,OH,44214,HD
HD-1075,300 W Main St,Circleville,OH,43113,HD
HD-1076,1559 Us Hwy 20,Clyde,OH,43410,HD
HD-1077,3417 N. High St,Columbus,OH,43214,HD
HD-1078,3444 South High Street,Columbus,OH,43207,HD
HD-1079,325 S 2nd St,Coshocton,OH,43812,HD
HD-1080,2500 Needmore Rd,Dayton,OH,45414,HD
HD-1081,2217  S Edwin C Moses Blvd,Dayton,OH,45417,HD
HD-1082,9901 Schuster Way,Etna,OH,43018,HD
HD-1083,6164 County Rd 165,Genoa,OH,43430,HD
HD-1084,6410 County Rd 165,Genoa,OH,43430,HD
HD-1085,699 Wagner Ave,Greenville,OH,45331,HD
HD-1086,7508 Brandt Pike,Huber Heights,OH,45424,HD
HD-1087,65 S Chestnut St,Jefferson,OH,44047,HD
HD-1088,13023 Us Highway 35 Nw,Jeffersonville,OH,43128,HD
HD-1089,Hwy 33 & Lancaster-Circleville Rd,Lancaster,OH,43130,HD
HD-1090,8209 Springboro Pike,Miamisburg,OH,45342,HD
HD-1091,500 South Breiel Blvd,Middletown,OH,45044,HD
HD-1092,709 E Lincoln Way,Minerva,OH,44657,HD
HD-1093,2333 E High St,New Philadelphia,OH,44663,HD
HD-1094,4898 Shuffel St. Nw,North Canton,OH,44720,HD
HD-1095,6023 Alum Creek Dr,Obetz,OH,43207,HD
HD-1096,1286 East Ash St,Piqua,OH,45356,HD
HD-1097,6134 State Hwy 14,Ravenna,OH,44266,HD
HD-1098,8750 Wooster Pike,Seville,OH,44273,HD
HD-1099,2241 Fair Road,Sidney,OH,45365,HD
HD-1100,782 S Wooster Avenue,Strasburg,OH,44680,HD
HD-1101,1301 N Warpole St,Upper Sandusky,OH,43351,HD
HD-1102,36900 Vine St,Willoughby,OH,44094,HD
HD-1103,2102 E Cherokee Ave,Sallisaw,OK,74955,HD
HD-1104,1804 West Trindle Road,Carlisle,PA,17013,HD
HD-1105,625 Lincoln Way East,Chambersburg,PA,17201,HD
HD-1106,820 East Main Street,Dallastown,PA,17313,HD
HD-1107,724 Allegheny St,Dauphin,PA,17018,HD
HD-1108,30 S Antrim Way,Greencastle,PA,17225,HD
HD-1109,2203 Paxton St,Harrisburg,PA,17111,HD
HD-1110,646 Main Street,Mcsherrystown,PA,17344,HD
HD-1111,230 Nissley St,Middletown,PA,17057,HD
HD-1112,1201 North Ave,Millvale,PA,15209,HD
HD-1113,198 W Lincoln Avenue,Myerstown,PA,17067,HD
HD-1114,500 North Main Street,Spring Grove,PA,17362,HD
HD-1115,1527 East Main Street,Waynesboro,PA,17268,HD
HD-1116,124 E Roy Furman Hwy,Waynesburg,PA,15370,HD
HD-1117,2020 West Market Street,York,PA,17404,HD
HD-1118,1617 North George Street,York,PA,17404,HD
HD-1119,100 W. Greenwood St,Abbeville,SC,29620,HD
HD-1120,2648 COLUMBIA HIGHWAY N,AIKEN,SC,29805,HD
HD-1121,1733 WHISKEY RD,AIKEN,SC,29803,HD
HD-1122,601 Railroad Avenue,Allendale,SC,29810,HD
HD-1123,4415 Clemson Blvd,Anderson,SC,29621,HD
HD-1124,102 Hwy 28 Bypass,Anderson,SC,29624,HD
HD-1125,100 Fritz Dr,Anderson,SC,29621,HD
HD-1126,I-85 Exit 32,Anderson,SC,29669,HD
HD-1127,2784 Highway 501 E,Aynor,SC,29511,HD
HD-1128,2999 Main Highway,Bamberg,SC,29003,HD
HD-1129,10262 Dunbarton Blvd,Barnwell,SC,29812,HD
HD-1130,143 East Church Street,Batesburg-Leesville,SC,29070,HD
HD-1131,408 S Main St,Belton,SC,29627,HD
HD-1132,216 S Main St,Bishopville,SC,29010,HD
HD-1133,914 N Mountain St,Blacksburg,SC,29702,HD
HD-1134,100 Creech Rd,Blythewood,SC,29016,HD
HD-1135,3112 Boiling Springs Rd,Boiling Springs,SC,29316,HD
HD-1136,1924 West Main Street,Central,SC,29630,HD
HD-1137,1425 Chapin Road,Chapin,SC,29036,HD
HD-1138,2109 Savannah Hwy,Charleston,SC,29414,HD
HD-1139,801 Market St,Cheraw,SC,29520,HD
HD-1140,710 South Alabama Street,Chesnee,SC,29323,HD
HD-1141,1791 J A COCHRAN BYP,CHESTER,SC,29706,HD
HD-1142,4445 JEFFERSON DAVIS HWY,CLEARWATER,SC,29822,HD
HD-1143,12328 Highway 56 N,Clinton,SC,29325,HD
HD-1144,206 S MAIN ST,CLOVER,SC,29710,HD
HD-1145,120 Veterans Rd,Columbia,SC,29209,HD
HD-1146,496 Piney Grove Rd,Columbia,SC,29210,HD
HD-1147,3852 Rosewood Dr,Columbia,SC,29205,HD
HD-1148,7942 Garners Ferry Rd,Columbia,SC,29209,HD
HD-1149,5801 Fairfield Road,Columbia,SC,29203,HD
HD-1150,1506 Church St,Conway,SC,29526,HD
HD-1151,5420 N Main St,Cowpens,SC,29330,HD
HD-1152,217 S Main St,Darlington,SC,29532,HD
HD-1153,508 E Baruch St,Denmark,SC,29042,HD
HD-1154,301 N 2nd St,Dillon,SC,29536,HD
HD-1155,1397 E Main St,Duncan,SC,29334,HD
HD-1156,5279 Calhoun Memorial Hwy,Easley,SC,29640,HD
HD-1157,421 W Main St,Easley,SC,29640,HD
HD-1158,3883 Cross Anchor Road,Enoree,SC,29335,HD
HD-1159,1606 S Irby St,Florence,SC,29505,HD
HD-1160,2302 W Lucas St,Florence,SC,29501,HD
HD-1161,6448 E Old Marion Hwy,Florence,SC,29506,HD
HD-1162,875 GOLD HILL RD,FORT MILL,SC,29708,HD
HD-1163,100 Chevy Drive,Fountain Inn,SC,29644,HD
HD-1164,100 South Granard St,Gaffney,SC,29341,HD
HD-1165,1311 Church St,Georgetown,SC,29440,HD
HD-1166,201 N Goose Creek Blvd,Goose Creek,SC,29445,HD
HD-1167,2306 W Parker Rd,Greenville,SC,29617,HD
HD-1168,6133 Augusta Road,Greenville,SC,29605,HD
HD-1169,451 Mills Ave,Greenville,SC,29605,HD
HD-1170,201 Rutherford Street,Greenville,SC,29609,HD
HD-1171,1213 Woodruff Rd,Greenville,SC,29607,HD
HD-1172,3 Pelham Rd,Greenville,SC,29615,HD
HD-1173,630 Bypass 25 Ne,Greenwood,SC,29646,HD
HD-1174,102 Commons Dr,Greenwood,SC,29649,HD
HD-1175,14520 E Wade Hampton Blvd,Greer,SC,29651,HD
HD-1176,1005 Elm St W,Hampton,SC,29924,HD
HD-1177,909 S FIFTH ST,HARTSVILLE,SC,29550,HD
HD-1178,301 S Main St,Hemingway,SC,29554,HD
HD-1179,8545 Old State Road,Holly Hill,SC,29059,HD
HD-1180,303 E Greer St,Honea Path,SC,29654,HD
HD-1181,11960 Asheville Hwy,Inman,SC,29349,HD
HD-1182,215 W Main St,Kingstree,SC,29556,HD
HD-1183,115 S Ron Mcnair Blvd,Lake City,SC,29560,HD
HD-1184,297 LANCASTER BYP E,LANCASTER,SC,29720,HD
HD-1185,1910 S Lake Dr,Lexington,SC,29073,HD
HD-1186,1105 W Main St,Lexington,SC,29072,HD
HD-1187,7253 Moorefield Memorial Hwy,Liberty,SC,29657,HD
HD-1188,4206 E MAIN STREET,LORIS,SC,29569,HD
HD-1189,486 Us Highway 601 South,Lugoff,SC,29078,HD
HD-1190,12209 Greenville Hwy 29,Lyman,SC,29365,HD
HD-1191,102 Sunset Drive,Manning,SC,29102,HD
HD-1192,115 Main St South,Mauldin,SC,29662,HD
HD-1193,101 S MINE ST,MC CORMICK,SC,29835,HD
HD-1194,422 N Highway 52,Moncks Corner,SC,29461,HD
HD-1195,2680 E Highway 76,Mullins,SC,29574,HD
HD-1196,402 S Kings Hwy,Myrtle Beach,SC,29577,HD
HD-1197,6000 N Kings Hwy,Myrtle Beach,SC,29577,HD
HD-1198,1242 Wilson Rd,Newberry,SC,29108,HD
HD-1199,130 Main St E,Ninety Six,SC,29666,HD
HD-1200,313 Edgefield Rd,North Augusta,SC,29841,HD
HD-1201,5201 Ashley Phosphate Rd,North Charleston,SC,29418,HD
HD-1202,3694 St Matthews Road,Orangeburg,SC,29118,HD
HD-1203,1109 John C Calhoun Dr,Orangeburg,SC,29115,HD
HD-1204,890 Five Chop Road,Orangeburg,SC,29115,HD
HD-1205,6911 S Pine St,Pacolet,SC,29372,HD
HD-1206,2210 Highway 601n,Pageland,SC,29728,HD
HD-1207,308 Hampton Avenue,Pickens,SC,29671,HD
HD-1208,904 Anderson St,Piedmont,SC,29673,HD
HD-1209,1450 Ribaut Rd,Port Royal,SC,29935,HD
HD-1210,6320 Savannah Hwy,Ravenel,SC,29470,HD
HD-1211,188 S HERLONG AVE,ROCK HILL,SC,29732,HD
HD-1212,2165 MANA COURT,ROCK HILL,SC,29730,HD
HD-1213,2499 Blackstock Road,Roebuck,SC,29376,HD
HD-1214,6002 W Jim Bilton Blvd,Saint George,SC,29477,HD
HD-1215,401 S Harry C Raysor Dr,Saint Matthews,SC,29135,HD
HD-1216,1003 By Pass 123,Seneca,SC,29678,HD
HD-1217,1008 Ne Main Street,Simpsonville,SC,29681,HD
HD-1218,1806 East Main Street,Spartanburg,SC,29307,HD
HD-1219,2190 Chesnee Hwy,Spartanburg,SC,29303,HD
HD-1220,2451 Reidville Road,Spartanburg,SC,29301,HD
HD-1221,214 Cedar Springs Rd,Spartanburg,SC,29302,HD
HD-1222,10005 Dorchester Rd,Summerville,SC,29485,HD
HD-1223,1402 N Main St,Summerville,SC,29483,HD
HD-1224,2187 N Main St.,Summerville,SC,29483,HD
HD-1225,493 N GUIGNARD DR,SUMTER,SC,29150,HD
HD-1226,10 Hwy 17 N,Surfside Beach,SC,29575,HD
HD-1227,105 N Church St,Swansea,SC,29160,HD
HD-1228,3203 Wade Hampton Blvd,Taylors,SC,29687,HD
HD-1229,315 East Smith Street,Timmonsville,SC,29161,HD
HD-1230,6501 State Park Road,Travelers Rest,SC,29690,HD
HD-1231,733 N Duncan Byp,Union,SC,29379,HD
HD-1232,3901 Blue Ridge Blvd,Walhalla,SC,29691,HD
HD-1233,503 N Jefferies Blvd,Walterboro,SC,29488,HD
HD-1234,2499 Augusta Rd,West Columbia,SC,29169,HD
HD-1235,3014 Charleston Hwy,West Columbia,SC,29172,HD
HD-1236,904 E Main St,Westminster,SC,29693,HD
HD-1237,1520 Anderson Drive,Williamston,SC,29697,HD
HD-1238,12733 Main St,Williston,SC,29853,HD
HD-1239,409 Yemassee Hwy,Yemassee,SC,29945,HD
HD-1240,1125 FILBERT HIGHWAY,YORK,SC,29745,HD
HD-1241,2504 Fifth Ave,Belle Fourche,SD,57717,HD
HD-1242,679 Reagan Ave,Box Elder,SD,57719,HD
HD-1243,2324 6Th St,Brookings,SD,57006,HD
HD-1244,1201 E Highway 12,Milbank,SD,57252,HD
HD-1245,1025 Cabela Dr,Mitchell,SD,57301,HD
HD-1246,305 W Sioux Ave,Pierre,SD,57501,HD
HD-1247,2250 N Haines Ave,Rapid City,SD,57701,HD
HD-1248,604 5Th St,Rapid City,SD,57701,HD
HD-1249,1204 E. North Street,Rapid City,SD,57701,HD
HD-1250,1010 E 10Th St,Sioux Falls,SD,57103,HD
HD-1251,4801 W 12Th St,Sioux Falls,SD,57106,HD
HD-1252,2900 S Minnesota Ave,Sioux Falls,SD,57105,HD
HD-1253,937 5Th St Se,Watertown,SD,57201,HD
HD-1254,110 Haywood Ln,Antioch,TN,37013,HD
HD-1255,26094 Main St,Ardmore,TN,38449,HD
HD-1256,420 S Main St,Ashland City,TN,37015,HD
HD-1257,1219 Congress Pkwy S,Athens,TN,37303,HD
HD-1258,104 S White St,Athens,TN,37303,HD
HD-1259,7102 Highway 70 S,Bellevue,TN,37221,HD
HD-1260,3283 Hwy 126,Blountville,TN,37617,HD
HD-1261,1313 Volunteer Parkway,Bristol,TN,37620,HD
HD-1262,5119 Hwy 11 S,Calhoun,TN,37309,HD
HD-1263,84 Dixon Springs Hwy,Carthage,TN,37030,HD
HD-1264,1651 Lauderdale Memorial Hwy,Charleston,TN,37310,HD
HD-1265,220 Browns Ferry Rd,Chattanooga,TN,37419,HD
HD-1266,6013 Shallowford Road,Chattanooga,TN,37421,HD
HD-1267,4007 Mccahill Road,Chattanooga,TN,37415,HD
HD-1268,4831 Hwy 58,Chattanooga,TN,37416,HD
HD-1269,6305 Ringgold Road,Chattanooga,TN,37412,HD
HD-1270,1580 Fort Campbell Blvd,Clarksville,TN,37042,HD
HD-1271,1941 Madison Street,Clarksville,TN,37043,HD
HD-1272,1480 Tiny Town Rd,Clarksville,TN,37042,HD
HD-1273,110 Bernham Dr N W,Cleveland,TN,37312,HD
HD-1274,2005 Spring Place Road,Cleveland,TN,37323,HD
HD-1275,2410 Blue Springs Rd Se,Cleveland,TN,37311,HD
HD-1276,1651 25th Street Nw,Cleveland,TN,37311,HD
HD-1277,210 Clinch Ave,Clinton,TN,37716,HD
HD-1278,107 Buffalo Rd,Clinton,TN,37716,HD
HD-1279,4256 Fort Henry Drive,Colonial Heights,TN,37663,HD
HD-1280,113 Bear Creek Pike,Columbia,TN,38401,HD
HD-1281,1117 Hampshire Pike,Columbia,TN,38401,HD
HD-1282,230 South Jefferson,Cookeville,TN,38501,HD
HD-1283,1075 Willow Ave,Cookeville,TN,38501,HD
HD-1284,1750 Salem Rd,Cookeville,TN,38506,HD
HD-1285,5088 Highway 64,Copperhill,TN,37317,HD
HD-1286,30 Highland Square,Crossville,TN,38555,HD
HD-1287,561 Peavine Road,Crossville,TN,38571,HD
HD-1288,509 Patriot Dr,Dandridge,TN,37725,HD
HD-1289,7474 Rhea County Hwy,Dayton,TN,37321,HD
HD-1290,17659 State Highway 58 N,Decatur,TN,37322,HD
HD-1291,100 Suzanne Dr,Dickson,TN,37055,HD
HD-1292,17068 Rankin Avenue,Dunlap,TN,37327,HD
HD-1293,107 E Broad St,Elizabethton,TN,37643,HD
HD-1294,North Main St Rt 1  Box 1237,Erwin,TN,37650,HD
HD-1295,859 Highway 411 North,Etowah,TN,37331,HD
HD-1296,7003 City Center Way,Fairview,TN,37062,HD
HD-1297,1116 Huntsville Hwy,Fayetteville,TN,37334,HD
HD-1298,1315 Murfreesboro Rd,Franklin,TN,37064,HD
HD-1299,452 E Main Street,Gallatin,TN,37066,HD
HD-1300,400 S Cartwright,Goodlettsville,TN,37072,HD
HD-1301,633 Asheville Highway,Greeneville,TN,37743,HD
HD-1302,2676 E Andrew Johnson Hwy,Greeneville,TN,37745,HD
HD-1303,1608 S Roane St,Harriman,TN,37748,HD
HD-1304,6680 Cumberland Gap Pkwy,Harrogate,TN,37752,HD
HD-1305,5775 Old Hickory Blvd,Hermitage,TN,37076,HD
HD-1306,1165 Aedc Road,Hillsboro,TN,37342,HD
HD-1307,348 E MAIN ST,HOHENWALD,TN,38462,HD
HD-1308,2050 Highway 70 East,Jackson,TN,38305,HD
HD-1309,1210 Hwy 28,Jasper,TN,37347,HD
HD-1310,546 E Broadway Blvd.,Jefferson City,TN,37760,HD
HD-1311,2702 North Roan Street,Johnson City,TN,37601,HD
HD-1312,2102 West Market St,Johnson City,TN,37604,HD
HD-1313,4707 N Roan St,Johnson City,TN,37615,HD
HD-1314,395 East Jackson Blvd,Jonesborough,TN,37659,HD
HD-1315,1405 E Stone Dr,Kingsport,TN,37660,HD
HD-1316,1401 John B Dennis Pkway,Kingsport,TN,37660,HD
HD-1317,935 N Kentucky St,Kingston,TN,37763,HD
HD-1318,2919 Tazewell Pike,Knoxville,TN,37918,HD
HD-1319,7437 Maynardville Pike,Knoxville,TN,37938,HD
HD-1320,3718 Western Ave,Knoxville,TN,37921,HD
HD-1321,609 Campbell Station Rd,Knoxville,TN,37934,HD
HD-1322,6760 Clinton Hwy,Knoxville,TN,37912,HD
HD-1323,150 N Cedar Bluff Road,Knoxville,TN,37923,HD
HD-1324,417 Highway 52 Byp W,Lafayette,TN,37083,HD
HD-1325,2436 Jacksboro Pike,La Follette,TN,37766,HD
HD-1326,508 Waldron Road,La Vergne,TN,37086,HD
HD-1327,1411 North Locust,Lawrenceburg,TN,38464,HD
HD-1328,1039 W Main St,Lebanon,TN,37087,HD
HD-1329,701 S Cumberland,Lebanon,TN,37087,HD
HD-1330,541 Hwy 321 N,Lenoir City,TN,37771,HD
HD-1331,901 W Main St,Livingston,TN,38570,HD
HD-1332,102 S Military St,Loretto,TN,38469,HD
HD-1333,4750 New Highway 68,Madisonville,TN,37354,HD
HD-1334,913 Hillsboro Hwy,Manchester,TN,37355,HD
HD-1335,2105 E Broadway,Maryville,TN,37804,HD
HD-1336,1516 E Lamar Alexander Pkwy,Maryville,TN,37804,HD
HD-1337,2601 Us Highway 411 S,Maryville,TN,37801,HD
HD-1338,1575 Robert C Jackson Dr,Maryville,TN,37801,HD
HD-1339,2825 Maynardville Hwy,Maynardville,TN,37807,HD
HD-1340,407 W Main St,Mc Minnville,TN,37110,HD
HD-1341,4628 SUMMER AVE,MEMPHIS,TN,38122,HD
HD-1342,2005 WHITTEN ROAD,MEMPHIS,TN,38133,HD
HD-1343,8523 N US HWY 51,MILLINGTON,TN,38053,HD
HD-1344,716 Parker St,Monteagle,TN,37356,HD
HD-1345,902 S Holly St,Monterey,TN,38574,HD
HD-1346,2345 E Morris Blvd,Morristown,TN,37813,HD
HD-1347,106 Thoroughbred Run Rd,Morristown,TN,37813,HD
HD-1348,530 W Main Street,Mount Carmel,TN,37645,HD
HD-1349,101 Lineberry Blvd,Mount Juliet,TN,37122,HD
HD-1350,150 Couchville Industrial Pike,Mount Juliet,TN,37122,HD
HD-1351,1685 Middle Tennessee Blvd,Murfreesboro,TN,37130,HD
HD-1352,912 N W Broad Street,Murfreesboro,TN,37129,HD
HD-1353,1851 Memorial Blvd,Murfreesboro,TN,37129,HD
HD-1354,2382 Old Fort Parkway,Murfreesboro,TN,37128,HD
HD-1355,2983 S Church St,Murfreesboro,TN,37127,HD
HD-1356,4099 Nolensville Road,Nashville,TN,37211,HD
HD-1357,1000 Acorn Drive,Nashville,TN,37210,HD
HD-1358,2536 Murfreesboro Pike,Nashville,TN,37217,HD
HD-1359,816 Cosby Hwy,Newport,TN,37821,HD
HD-1360,4083 Highway 411,Ocoee,TN,37361,HD
HD-1361,1436 Robinson Road,Old Hickory,TN,37138,HD
HD-1362,528 E Tri County Blvd,Oliver Springs,TN,37840,HD
HD-1363,19585 Alberta St,Oneida,TN,37841,HD
HD-1364,9201 Lee Highway,Ooltewah,TN,37363,HD
HD-1365,1005 Mineral Wells Ave,Paris,TN,38242,HD
HD-1366,148 Tennessee Ave North,Parsons,TN,38363,HD
HD-1367,3046 Parkway,Pigeon Forge,TN,37863,HD
HD-1368,5680 Hwy 11 East,Piney Flats,TN,37686,HD
HD-1369,142 Comfort Lane,Pioneer,TN,37847,HD
HD-1370,6503 Highway 41-A,Pleasant View,TN,37146,HD
HD-1371,411 S Broadway St,Portland,TN,37148,HD
HD-1372,985 E College St,Pulaski,TN,38478,HD
HD-1373,504 N Gateway,Rockwood,TN,37854,HD
HD-1374,198 Park Blvd,Rogersville,TN,37857,HD
HD-1375,7685 Rutledge Pike,Rutledge,TN,37861,HD
HD-1376,180 Main Street,Savannah,TN,38372,HD
HD-1377,619 MULBERRY AVE,SELMER,TN,38375,HD
HD-1378,334 West Main Street,Sevierville,TN,37862,HD
HD-1379,1260 Parkway (Us441),Sevierville,TN,37862,HD
HD-1380,310 Madison St,Shelbyville,TN,37160,HD
HD-1381,135 W Broad St,Smithville,TN,37166,HD
HD-1382,255 S Lowry St,Smyrna,TN,37167,HD
HD-1383,Highway 33 & Harrison St,Sneedville,TN,37869,HD
HD-1384,9398 Reco Dr,Soddy Daisy,TN,37379,HD
HD-1385,270 W Bockman Way,Sparta,TN,38583,HD
HD-1386,177 Front Street,Spring City,TN,37381,HD
HD-1387,2002 Memorial Blvd,Springfield,TN,37172,HD
HD-1388,4907 Main St,Spring Hill,TN,37174,HD
HD-1389,730 New Hwy 68,Sweetwater,TN,37874,HD
HD-1390,Us Highway 33 & Irish Cemetary Road,Tazewell,TN,37879,HD
HD-1391,127 Bank St,Tellico Plains,TN,37385,HD
HD-1392,2060 Us 45 Bypass South,Trenton,TN,38382,HD
HD-1393,335 W Lincoln St,Tullahoma,TN,37388,HD
HD-1394,1907 N Jackson Street,Tullahoma,TN,37388,HD
HD-1395,1200 W Reelfoot Ave,Union City,TN,38261,HD
HD-1396,1001 Highway 411,Vonore,TN,37885,HD
HD-1397,1122 N Knoxville Hwy,Wartburg,TN,37887,HD
HD-1398,5213 Highway 31 E,Westmoreland,TN,37186,HD
HD-1399,501 Hester Drive,White House,TN,37188,HD
HD-1400,12075 Valley View Hwy,Whitwell,TN,37397,HD
HD-1401,1600 Dinah Shore Blvd,Winchester,TN,37398,HD
HD-1402,806 W Main St,Woodbury,TN,37190,HD
HD-1403,602 Cummings St.,Abingdon,VA,24210,HD
HD-1404,1022 Main St,Altavista,VA,24517,HD
HD-1405,10151 Superior Way,Amelia Court House,VA,23002,HD
HD-1406,114 AMBRIAR PLAZA,AMHERST,VA,24521,HD
HD-1407,7551 Richmond Hwy,Appomattox,VA,24522,HD
HD-1408,106 N Washington Hwy,Ashland,VA,23005,HD
HD-1409,505 E MAIN ST,BEDFORD,VA,24523,HD
HD-1410,711 Wood Ave E,Big Stone Gap,VA,24219,HD
HD-1411,904 PRICES FORK ROAD,BLACKSBURG,VA,24060,HD
HD-1412,101 NORTH MAIN STREET,BLACKSTONE,VA,23824,HD
HD-1413,701 S College Ave,Bluefield,VA,24605,HD
HD-1414,1820 Euclid Avenue,Bristol,VA,24201,HD
HD-1415,1950 Lee Hwy,Bristol,VA,24201,HD
HD-1416,2801 Beech Avenue,Buena Vista,VA,24416,HD
HD-1417,22031 LANKFORD HIGHWAY,CAPE CHARLES,VA,23310,HD
HD-1418,131 CEDAR HILL LANE,CEDAR BLUFF,VA,24609,HD
HD-1419,230 East Second Street,Chase City,VA,23924,HD
HD-1420,13689 Us Highway 29,Chatham,VA,24531,HD
HD-1421,864 N. George Washington Hwy,Chesapeake,VA,23323,HD
HD-1422,1433 George Washington,Chesapeake,VA,23323,HD
HD-1423,1506 Mount Pleasant Road,Chesapeake,VA,23322,HD
HD-1424,1240 Cedar Road,Chesapeake,VA,23322,HD
HD-1425,4006 Bainbridge Blvd,Chesapeake,VA,23324,HD
HD-1426,1029 Battlefield Blvd North,Chesapeake,VA,23320,HD
HD-1427,109 S George Washington,Chesapeake,VA,23323,HD
HD-1428,1901 WEST HUNDRED ROAD,CHESTER,VA,23836,HD
HD-1429,506 Whitetop Rd,Chilhowie,VA,24319,HD
HD-1430,2347 ROANOKE STREET,CHRISTIANSBURG,VA,24073,HD
HD-1431,103 ROANOKE ST,CHRISTIANSBURG,VA,24073,HD
HD-1432,2880 MARKET STREET,CHRISTIANSBURG,VA,24073,HD
HD-1433,916 VIRGINIA AVE,CLARKSVILLE,VA,23927,HD
HD-1434,502 W RIDGEWAY ST,CLIFTON FORGE,VA,24422,HD
HD-1435,5012 Dickenson Hwy,Clintwood,VA,24228,HD
HD-1436,Highway 58 A,Coeburn,VA,24230,HD
HD-1437,2927 VIRGINIA AVE,COLLINSVILLE,VA,24078,HD
HD-1438,1850 BOULEVARD,COLONIAL HEIGHTS,VA,23834,HD
HD-1439,801 TEMPLE AVENUE,COLONIAL HEIGHTS,VA,23834,HD
HD-1440,28384 Southampton Pkwy,Courtland,VA,23837,HD
HD-1441,1122 S ALLEGHANY AVENUE,COVINGTON,VA,24426,HD
HD-1442,200 EAST VIRGINIA AVE,CREWE,VA,23930,HD
HD-1443,1192 Piney Forest Road,Danville,VA,24540,HD
HD-1444,1298 S BOSTON RD,DANVILLE,VA,24540,HD
HD-1445,3135 RIVERSIDE DR,DANVILLE,VA,24541,HD
HD-1446,1314 W MAIN ST,DANVILLE,VA,24541,HD
HD-1447,NEC FOUNTAIN DRIVE AND COUNTY DRIVE,DISPUTANTA,VA,23842,HD
HD-1448,208 College Avenue,Dublin,VA,24084,HD
HD-1449,711 DUFF-PATT ROAD,DUFFIELD,VA,24244,HD
HD-1450,101 MARKET STREET EMPORIA,EMPORIA,VA,23847,HD
HD-1451,4151 Lankford Hwy,Exmore,VA,23350,HD
HD-1452,567 WARRENTON ROAD,FALMOUTH,VA,22406,HD
HD-1453,1521 South Main Street,Farmville,VA,23901,HD
HD-1454,402 W Main St,Floyd,VA,24091,HD
HD-1455,17051 Forest Road,Forest,VA,24551,HD
HD-1456,105 Mechanic St North,Franklin,VA,23851,HD
HD-1457,10706 Patriot Highway,Fredericksburg,VA,22408,HD
HD-1458,1700 Princess Anne St,Fredericksburg,VA,22401,HD
HD-1459,11825 Tidewater Trail,Fredericksburg,VA,22408,HD
HD-1460,425 MAIN ST,GALAX,VA,24333,HD
HD-1461,157 KANE ST,GATE CITY,VA,24251,HD
HD-1462,7007 GEORGE WASHINGTON MEM HWY,GLOUCESTER,VA,23061,HD
HD-1463,1945 SANDY HOOK RD,GOOCHLAND,VA,23063,HD
HD-1464,110 W GORDON AVENUE,GORDONSVILLE,VA,22942,HD
HD-1465,5408 GEORGE WASHINGTON HY,GRAFTON,VA,23692,HD
HD-1466,410 SOUTH MAIN STREET,HALIFAX,VA,24558,HD
HD-1467,8104 New Market Dr,Hampton,VA,23605,HD
HD-1468,63 East Mercury Blvd,Hampton,VA,23669,HD
HD-1469,306 Aberdeen Rd,Hampton,VA,23661,HD
HD-1470,785 MARTIN LUTHER KING WAY,HARRISONBUG,VA,22801,HD
HD-1471,2398 GEORGE WASHINGTON MEM HWY,HAYES,VA,23072,HD
HD-1472,1120 E NINE MILE ROAD,HIGHLAND SPRINGS,VA,23075,HD
HD-1473,115 N MAIN ST,HILLSVILLE,VA,24343,HD
HD-1474,310 WEST RANDOLPH ROAD,HOPEWELL,VA,23860,HD
HD-1475,2915 OAK LAWN,HOPEWELL,VA,23860,HD
HD-1476,501 South Hicks Street,Lawrenceville,VA,23868,HD
HD-1477,1273 EAST MAIN STREET,LEBANON,VA,24266,HD
HD-1478,76 E. Midland Trail,Lexington,VA,24450,HD
HD-1479,413 East Main,Louisa,VA,23093,HD
HD-1480,607 EAST MAIN STREET,LURAY,VA,22835,HD
HD-1481,20265 Timberlake Rd,Lynchburg,VA,24502,HD
HD-1482,2231 Langhorne Rd,Lynchburg,VA,24501,HD
HD-1483,3750 Candlers Mountain Rd,Lynchburg,VA,24502,HD
HD-1484,161 LAKEVIEW DR,MADISON HEIGHTS,VA,24572,HD
HD-1485,347 N Main St,Marion,VA,24354,HD
HD-1486,901 E Church St,Martinsville,VA,24112,HD
HD-1487,547 Memorial Blvd S,Martinsville,VA,24112,HD
HD-1488,27 Main St,Mathews,VA,23109,HD
HD-1489,13736 Hull Street Road,Midlothian,VA,23112,HD
HD-1490,10210 HULL STREET ROAD,MIDLOTHIAN,VA,23112,HD
HD-1491,5298 Main Street,MOUNT JACKSON,VA,22842,HD
HD-1492,11017 Jefferson Avenue,Newport News,VA,23601,HD
HD-1493,430 DENBIGH BLVD,NEWPORT NEWS,VA,23608,HD
HD-1494,11014 WARWICK BLVD,NEWPORT NEWS,VA,23601,HD
HD-1495,13165 JEFFERSON AVE,NEWPORT NEWS,VA,23608,HD
HD-1496,7480 TIDEWATER DRIVE,NORFOLK,VA,23505,HD
HD-1497,8405 HAMPTON BLVD,NORFOLK,VA,23505,HD
HD-1498,2301 E LITTLE CREEK RD,NORFOLK,VA,23518,HD
HD-1499,505 WEST 21ST STREET,NORFOLK,VA,23517,HD
HD-1500,3908 PRINCESS ANNE ROAD,NORFOLK,VA,23502,HD
HD-1501,377 CAMPOSTELLA ROAD,NORFOLK,VA,23523,HD
HD-1502,5859 E VIRGINIA BEACH BLVD,NORFOLK,VA,23502,HD
HD-1503,475 WHARTON LN NE,NORTON,VA,24273,HD
HD-1504,25048 LANKFORD HWY,ONLEY,VA,23418,HD
HD-1505,194 MADISON RD,ORANGE,VA,22960,HD
HD-1506,528 N MAIN STREET,PEARISBURG,VA,24134,HD
HD-1507,712 E MORGAN AVE,PENNINGTON GAP,VA,24277,HD
HD-1508,1865 S Crater Rd,Petersburg,VA,23805,HD
HD-1509,5412 BOYDTON PLANK ROAD,PETERSBURG,VA,23803,HD
HD-1510,5900 W HIGH STREET,PORTSMOUTH,VA,23703,HD
HD-1511,850 LONDON BLVD,PORTSMOUTH,VA,23704,HD
HD-1512,5705 PORTSMOUTH BLVD,PORTSMOUTH,VA,23701,HD
HD-1513,1032 Main Street,Pulaski,VA,24301,HD
HD-1514,7353 Lee Highway,Radford,VA,24141,HD
HD-1515,SECOND ST,RICHLANDS,VA,24641,HD
HD-1516,4801 Jefferson Davis Hwy,Richmond,VA,23234,HD
HD-1517,7917 Midlothian Turnpike,Richmond,VA,23235,HD
HD-1518,6302 LAKESIDE AVENUE,RICHMOND,VA,23228,HD
HD-1519,4841 LABURNUM AVE,RICHMOND,VA,23231,HD
HD-1520,3815 MECHANICSVILLE PIKE,RICHMOND,VA,23223,HD
HD-1521,11121 MIDLOTHIAN TURNPIKE,RICHMOND,VA,23235,HD
HD-1522,3201 E. PARHAM ROAD,RICHMOND,VA,23228,HD
HD-1523,4800 Greensboro Rd,Ridgeway,VA,24148,HD
HD-1524,3401 Plantation Road NE,Roanoke,VA,24012,HD
HD-1525,3729 BRAMBLETON AVE SW,ROANOKE,VA,24018,HD
HD-1526,605 9TH STREET SE,ROANOKE,VA,24013,HD
HD-1527,2301 ORANGE AVENUE NE,ROANOKE,VA,24012,HD
HD-1528,3011 HERSHBERGER ROAD,ROANOKE,VA,24017,HD
HD-1529,4060 ELECTRIC ROAD,ROANOKE,VA,24018,HD
HD-1530,4201 WILLIAMSON ROAD NW,ROANOKE,VA,24012,HD
HD-1531,2398 PETERS CREEK RD NW,ROANOKE,VA,24017,HD
HD-1532,889 Village Hwy,Rustburg,VA,24588,HD
HD-1533,16403 WISE ST,SAINT PAUL,VA,24283,HD
HD-1534,2038 W. Main St,Salem,VA,24153,HD
HD-1535,1557 E. Main Street,Salem,VA,24153,HD
HD-1536,1255 Electric Road,Salem,VA,24153,HD
HD-1537,199 GLOUCESTER ROAD,SALUDA,VA,23149,HD
HD-1538,1909 S CHURCH ST,SMITHFIELD,VA,23430,HD
HD-1539,1117 Wilborn Ave,South Boston,VA,24592,HD
HD-1540,1010 Bill Tuck Highway Box 6b,South Boston,VA,24592,HD
HD-1541,903 EAST ATLANTIC STREET,SOUTH HILL,VA,23970,HD
HD-1542,9811 COURTHOUSE RD,SPOTSYLVANIA,VA,22553,HD
HD-1543,20 Prosperity Rd,Stafford,VA,22556,HD
HD-1544,933 FAIRYSTONE PARK HWY,STANLEYTOWN,VA,24168,HD
HD-1545,241 N Central Avenue,Staunton,VA,24401,HD
HD-1546,314 S Main St,Stuart,VA,24171,HD
HD-1547,2578 STUARTS DRAFT HWY,STUARTS DRAFT,VA,24477,HD
HD-1548,843 West Constance Road,Suffolk,VA,23434,HD
HD-1549,2301 PRUDEN BLVD,SUFFOLK,VA,23434,HD
HD-1550,1508 HOLLAND RD,SUFFOLK,VA,23434,HD
HD-1551,2136 FINCASTLE TURNPIKE,TAZEWELL,VA,24651,HD
HD-1552,14078 Timberway,Timberville,VA,22853,HD
HD-1553,2860 LEE HIGHWAY SOUTH,TROUTVILLE,VA,24175,HD
HD-1554,277 Laurel Hill,Verona,VA,24482,HD
HD-1555,1494 GENERAL BOOTH BLVD,VIRGINIA BEACH,VA,23454,HD
HD-1556,2188 GREAT NECK SQUARE,VIRGINIA BEACH,VA,23454,HD
HD-1557,1951 LYNNHAVEN PARKWAY,VIRGINIA BEACH,VA,23453,HD
HD-1558,6075 INDIAN RIVER RD,VIRGINIA BEACH,VA,23464,HD
HD-1559,701 INDEPENDENCE BLVD,VIRGINIA BEACH,VA,23455,HD
HD-1560,2248 VIRGINIA BEACH BLVD,VIRGINIA BEACH,VA,23454,HD
HD-1561,1201 BAKER ROAD,VIRGINIA BEACH,VA,23455,HD
HD-1562,4261 HOLLAND RD,VIRGINIA BEACH,VA,23452,HD
HD-1563,305 DORSET AVENUE,VIRGINIA BEACH,VA,23462,HD
HD-1564,3342 VIRGINIA BEACH BLVD,VIRGINIA BEACH,VA,23452,HD
HD-1565,3252 HOLLAND ROAD,VIRGINIA BEACH,VA,23453,HD
HD-1566,4733 Richmond Road,Warsaw,VA,22572,HD
HD-1567,239 South County Drive,Waverly,VA,23890,HD
HD-1568,1416 W Main St,Waynesboro,VA,22980,HD
HD-1569,323 14TH ST,WEST POINT,VA,23181,HD
HD-1570,6450 RICHMOND PLAZA,WILLIAMSBURG,VA,23188,HD
HD-1571,538 2ND ST,WILLIAMSBURG,VA,23185,HD
HD-1572,403 West Main Street,Wise,VA,24293,HD
HD-1573,1015 E MAIN ST,WYTHEVILLE,VA,24382,HD
HD-1574,5001 Victory Blvd,Yorktown,VA,23693,HD
HD-1575,3401 N Ballard Rd,Appleton,WI,54911,HD
HD-1576,2106 55th Ave,Baldwin,WI,54002,HD
HD-1577,2690 Eaton Rd,Bellevue,WI,54311,HD
HD-1578,605 N. Water St.,Black River Falls,WI,54615,HD
HD-1579,2070 19th Ave,Bloomer,WI,54724,HD
HD-1580,1210 N DIVISION ST,COLBY,WI,54421,HD
HD-1581,2933 Western Ave,Eau Claire,WI,54703,HD
HD-1582,2910 Golf Road,Eau Claire,WI,54701,HD
HD-1583,100 E. Commerce Ct,Elkhorn,WI,53121,HD
HD-1584,759 W JOHNSON ST,FOND DU LAC,WI,54935,HD
HD-1585,2611 West Mason Street,Green Bay,WI,54303,HD
HD-1586,1593 E Mason St,Green Bay,WI,54302,HD
HD-1587,2328 Humes Rd,Janesville,WI,53545,HD
HD-1588,1311 Rose St,La Crosse,WI,54603,HD
HD-1589,2205 Hall Ave,Marinette,WI,54143,HD
HD-1590,1618 South Central Ave,Marshfield,WI,54449,HD
HD-1591,537 Gateway Ave,Mauston,WI,53948,HD
HD-1592,230 S EIGHTH STREET,Medford,WI,54451,HD
HD-1593,5930 Badger Drive,Menomonie,WI,54751,HD
HD-1594,902 S Green Bay Road,Neenah,WI,54956,HD
HD-1595,150 E DIVISION ST,NEILLSVILLE,WI,54456,HD
HD-1596,220 N Oakwood St,Oakdale,WI,54660,HD
HD-1597,2100 S KOELLER STREET,OSHKOSH,WI,54902,HD
HD-1598,12613 Tenth St.,Osseo,WI,54758,HD
HD-1599,W9493 City Hwy Cs,Poynette,WI,53955,HD
HD-1600,944 S Marquette Street,Prairie Du Chien,WI,53821,HD
HD-1601,1235 S. Green Bay,Racine,WI,53406,HD
HD-1602,2171 Lincoln,Rhinelander,WI,54501,HD
HD-1603,1819 S Main,Rice Lake,WI,54868,HD
HD-1604,2450 E Layton Ave,Saint Francis,WI,53235,HD
HD-1605,1120 East Green Bay St,Shawano,WI,54166,HD
HD-1606,4409 State Highway 42 North,Sheboygan,WI,53083,HD
HD-1607,6710 S Business Drive,Sheboygan,WI,53081,HD
HD-1608,3132 CHURCH STREET,STEVENS POINT,WI,54481,HD
HD-1609,1510 Belknap Ave,Superior,WI,54880,HD
HD-1610,715 East Main Street,Watertown,WI,53094,HD
HD-1611,640 W FULTON ST,WAUPACA,WI,54981,HD
HD-1612,2609 West Stewart Avenue,Wausau,WI,54401,HD
HD-1613,19 Ritter Dr,Beaver,WV,25813,HD
HD-1614,4400 Pennsylvania Avenue,Big Chimney,WV,25302,HD
HD-1615,901 Bluefield Ave,Bluefield,WV,24701,HD
HD-1616,208 S. Kanawha Street,Buckhannon,WV,26201,HD
HD-1617,1506 Bigley Ave,Charleston,WV,25302,HD
HD-1618,722 E Main St,Clarksburg,WV,26301,HD
HD-1619,27 Randolph Avenue,Elkins,WV,26241,HD
HD-1620,2649 White Hall Blvd,Fairmont,WV,26554,HD
HD-1621,1701 Washington Ave,Huntington,WV,25704,HD
HD-1622,405 Main St,Kingwood,WV,26537,HD
HD-1623,2029 N Jefferson St,Lewisburg,WV,24901,HD
HD-1624,122 Huff Creek Hwy,Man,WV,25635,HD
HD-1625,10401 Maccorkle Ave,Marmet,WV,25315,HD
HD-1626,1600 Earl L Core Rd,Morgantown,WV,26505,HD
HD-1627,1440 7th Street,Parkersburg,WV,26101,HD
HD-1628,4327 Emerson Ave.,Parkersburg,WV,26104,HD
HD-1629,2309 Pike Street,Parkersburg,WV,26101,HD
HD-1630,130 South Main Street,Philippi,WV,26416,HD
HD-1631,170 Meadowfield Ln,Princeton,WV,24740,HD
HD-1632,1306 Stafford Dr,Princeton,WV,24740,HD
HD-1633,889 Robert C Byrd Drive,Sophia,WV,25921,HD
HD-1634,612 Mac Corkle Ave,South Charleston,WV,25303,HD
HD-1635,1401 Webster Road,Summersville,WV,26651,HD
HD-1636,598 Us Highway 33e,Weston,WV,26452,HD
HD-1637,9 Alvon Rd,White Sulphur Spring,WV,24986,HD
HD-1638,104 E Hart St,Buffalo,WY,82834,HD
HD-1639,207 S Miller,Gillette,WY,82716,HD
